-- ============================================
-- Файл: 05_insert_test_data.sql
-- Назначение: Вставка расширенных тестовых данных (50 записей в каждую таблицу)
-- ============================================

-- Вставляем должности
INSERT INTO positions (title, min_salary, max_salary) VALUES
    ('Генеральный директор', 300000, 600000),
    ('Технический директор', 250000, 500000),
    ('Финансовый директор', 250000, 500000),
    ('Директор по развитию', 250000, 500000),
    ('Руководитель отдела разработки', 200000, 400000),
    ('Руководитель отдела продаж', 180000, 380000),
    ('Руководитель отдела маркетинга', 180000, 380000),
    ('Руководитель HR отдела', 170000, 350000),
    ('Главный бухгалтер', 180000, 360000),
    ('Ведущий разработчик', 150000, 300000),
    ('Старший разработчик', 120000, 250000),
    ('Разработчик', 80000, 200000),
    ('Младший разработчик', 50000, 120000),
    ('Архитектор ПО', 180000, 350000),
    ('DevOps инженер', 130000, 280000),
    ('Системный администратор', 70000, 180000),
    ('Тестировщик', 60000, 150000),
    ('Аналитик', 80000, 180000),
    ('Менеджер по прм', 50000, 200000),
    ('Старший менеджер по продажам', 80000, 250000),
    ('Менеджер по работе с клиентами', 60000, 150000),
    ('Маркетолог', 60000, 140000),
    ('SMM-менеджер', 50000, 120000),
    ('Контент-менеджер', 50000, 110000),
    ('Дизайнер', 60000, 150000),
    ('UI/UX дизайнер', 80000, 180000),
    ('Бухгалтер', 60000, 150000),
    ('Помощник бухгалтера', 40000, 80000),
    ('HR-менеджер', 50000, 150000),
    ('Рекрутер', 50000, 130000),
    ('Офис-менеджер', 40000, 90000),
    ('Секретарь', 35000, 70000),
    ('Юрист', 80000, 200000),
    ('Специалист по закупкам', 50000, 120000),
    ('Логист', 50000, 120000),
    ('Менеджер проектов', 90000, 200000),
    ('Scrum-мастер', 100000, 220000),
    ('Product Owner', 120000, 250000),
    ('Технический писатель', 60000, 140000),
    ('Специалист техподдержки', 40000, 90000),
    ('Инженер по качеству', 70000, 160000),
    ('Специалист по безопасности', 100000, 220000),
    ('Data Scientist', 150000, 320000),
    ('Аналитик данных', 90000, 200000),
    ('ML Engineer', 140000, 300000),
    ('Frontend разработчик', 80000, 200000),
    ('Backend разработчик', 90000, 210000),
    ('Fullstack разработчик', 100000, 220000),
    ('Mobile разработчик', 90000, 210000),
    ('Team Lead', 150000, 320000)
ON CONFLICT (title) DO NOTHING;

-- Вставляем графики работы
INSERT INTO work_schedules (name, description, monday, tuesday, wednesday, thursday, friday, saturday, sunday, start_time, end_time) VALUES
    ('5/2 (9-18)', 'Стандартная пятидневка', true, true, true, true, true, false, false, '09:00', '18:00'),
    ('5/2 (10-19)', 'Пятидневка со смещением', true, true, true, true, true, false, false, '10:00', '19:00'),
    ('5/2 (8-17)', 'Ранняя пятидневка', true, true, true, true, true, false, false, '08:00', '17:00'),
    ('5/2 (11-20)', 'Поздняя пятидневка', true, true, true, true, true, false, false, '11:00', '20:00'),
    ('2/2 (9-21)', 'Сменный график 2 через 2', true, true, false, false, true, true, false, '09:00', '21:00'),
    ('Гибкий график', 'Свободный график работы', true, true, true, true, true, false, false, '10:00', '19:00'),
    ('Удаленная работа', 'Полностью удаленный формат', true, true, true, true, true, false, false, '09:00', '18:00')
ON CONFLICT (name) DO NOTHING;

-- Вставляем отделы
INSERT INTO departments (name) VALUES 
    ('Администрация'),
    ('Разработка'),
    ('Продажи'),
    ('Бухгалтерия'),
    ('HR'),
    ('Маркетинг'),
    ('Техподдержка'),
    ('Аналитика'),
    ('Дизайн'),
    ('Юридический отдел')
ON CONFLICT (name) DO NOTHING;

-- Отключаем триггер
ALTER TABLE employees DISABLE TRIGGER generate_personnel_number_trigger;

-- Вставляем 50 сотрудников
INSERT INTO employees (full_name, birth_date, phone, email, hire_date, department_id, position_id, schedule_id) VALUES
    ('Александров Александр Александрович', '1985-03-15', '+7 (495) 111-11-11', 'a.alexandrov@smartoffice.ru', '2018-02-10', 1, 1, 1),
    ('Борисов Борис Борисович', '1982-07-22', '+7 (495) 222-22-22', 'b.borisov@smartoffice.ru', '2019-05-15', 2, 2, 1),
    ('Викторова Виктория Викторовна', '1988-11-30', '+7 (495) 333-33-33', 'v.viktorova@smartoffice.ru', '2020-03-20', 2, 5, 1),
    ('Григорьев Григорий Григорьевич', '1990-01-12', '+7 (495) 444-44-44', 'g.grigoriev@smartoffice.ru', '2021-07-01', 2, 10, 2),
    ('Дмитриева Дарья Дмитриевна', '1995-05-18', '+7 (495) 555-55-55', 'd.dmitrieva@smartoffice.ru', '2021-09-12', 2, 12, 2),
    ('Евгеньев Евгений Евгеньевич', '1987-09-25', '+7 (495) 666-66-66', 'e.evgenev@smartoffice.ru', '2022-01-17', 3, 19, 1),
    ('Жукова Жанна Жановна', '1983-12-08', '+7 (495) 777-77-77', 'j.zhukova@smartoffice.ru', '2020-11-22', 4, 27, 1),
    ('Зайцев Захар Захарович', '1992-04-14', '+7 (495) 888-88-88', 'z.zaytsev@smartoffice.ru', '2023-04-05', 5, 29, 1),
    ('Ильина Ирина Ильинична', '1996-08-20', '+7 (495) 999-99-99', 'i.ilina@smartoffice.ru', '2022-08-30', 2, 12, 2),
    ('Козлов Кирилл Кириллович', '1994-02-28', '+7 (495) 000-00-00', 'k.kozlov@smartoffice.ru', '2023-01-09', 2, 12, 2),
    ('Лебедев Леонид Леонидович', '1989-06-14', '+7 (495) 101-01-01', 'l.lebedev@smartoffice.ru', '2019-08-20', 2, 11, 1),
    ('Морозова Мария Михайловна', '1993-09-03', '+7 (495) 202-02-02', 'm.morozova@smartoffice.ru', '2020-10-15', 3, 20, 1),
    ('Новиков Николай Николаевич', '1986-12-25', '+7 (495) 303-03-03', 'n.novikov@smartoffice.ru', '2018-04-12', 2, 14, 1),
    ('Орлова Ольга Олеговна', '1991-04-08', '+7 (495) 404-04-04', 'o.orlova@smartoffice.ru', '2021-03-22', 6, 22, 1),
    ('Петров Петр Петрович', '1984-07-19', '+7 (495) 505-05-05', 'p.petrov@smartoffice.ru', '2019-11-05', 2, 15, 1),
    ('Романова Раиса Романовна', '1992-10-30', '+7 (495) 606-06-06', 'r.romanova@smartoffice.ru', '2022-02-14', 9, 25, 1),
    ('Смирнов Сергей Сергеевич', '1987-01-11', '+7 (495) 707-07-07', 's.smirnov@smartoffice.ru', '2020-06-18', 2, 17, 1),
    ('Тихонова Татьяна Тимофеевна', '1994-03-22', '+7 (495) 808-08-08', 't.tikhonova@smartoffice.ru', '2021-09-30', 8, 18, 1),
    ('Ульянов Ульян Ульянович', '1988-05-05', '+7 (495) 909-09-09', 'u.ulyanov@smartoffice.ru', '2019-12-10', 10, 33, 1),
    ('Федорова Фаина Федоровна', '1990-08-16', '+7 (495) 010-10-10', 'f.fedorova@smartoffice.ru', '2020-07-25', 4, 9, 1),
    ('Харитонов Харитон Харитонович', '1985-11-27', '+7 (495) 111-22-33', 'h.haritonov@smartoffice.ru', '2018-09-14', 3, 6, 1),
    ('Цветкова Цецилия Цезаревна', '1993-02-08', '+7 (495) 222-33-44', 'c.cvetkova@smartoffice.ru', '2021-05-20', 6, 7, 1),
    ('Чернов Чеслав Чеславович', '1989-04-19', '+7 (495) 333-44-55', 'ch.chernov@smartoffice.ru', '2020-01-15', 2, 46, 2),
    ('Шестаков Шамиль Шамильевич', '1991-06-30', '+7 (495) 444-55-66', 'sh.shestakov@smartoffice.ru', '2021-11-08', 2, 47, 2),
    ('Щербакова Щедрина Щедровна', '1995-09-10', '+7 (495) 555-66-77', 'sch.scherbakova@smartoffice.ru', '2022-03-25', 5, 30, 1),
    ('Эльдаров Эдуард Эдуардович', '1986-11-21', '+7 (495) 666-77-88', 'e.eldarov@smartoffice.ru', '2019-07-12', 2, 48, 2),
    ('Юрьев Юрий Юрьевич', '1992-01-02', '+7 (495) 777-88-99', 'yu.yurev@smartoffice.ru', '2020-09-18', 2, 49, 2),
    ('Яковлева Яна Яковлевна', '1994-03-13', '+7 (495) 888-99-00', 'ya.yakovleva@smartoffice.ru', '2021-12-05', 6, 23, 1),
    ('Абрамов Анатолий Анатольевич', '1987-05-24', '+7 (495) 999-00-11', 'a.abramov@smartoffice.ru', '2019-04-22', 2, 13, 2),
    ('Белова Белла Борисовна', '1990-07-05', '+7 (495) 000-11-22', 'b.belova@smartoffice.ru', '2020-08-14', 7, 40, 1),
    ('Васильев Василий Васильевич', '1988-09-16', '+7 (495) 111-33-44', 'v.vasiliev@smartoffice.ru', '2019-10-30', 2, 50, 1),
    ('Гаврилова Галина Георгиевна', '1993-11-27', '+7 (495) 222-44-55', 'g.gavrilova@smartoffice.ru', '2021-02-16', 8, 44, 1),
    ('Денисов Денис Денисович', '1985-01-08', '+7 (495) 333-55-66', 'd.denisov@smartoffice.ru', '2018-06-20', 2, 43, 1),
    ('Егорова Елена Егоровна', '1991-03-19', '+7 (495) 444-66-77', 'e.egorova@smartoffice.ru', '2020-11-12', 2, 45, 2),
    ('Жданов Ждан Жданович', '1989-05-30', '+7 (495) 555-77-88', 'zh.zhdanov@smartoffice.ru', '2019-09-25', 3, 21, 1),
    ('Зиновьева Зинаида Захаровна', '1994-08-10', '+7 (495) 666-88-99', 'z.zinovieva@smartoffice.ru', '2021-07-18', 9, 26, 1),
    ('Иванов Иван Иванович', '1986-10-21', '+7 (495) 777-99-00', 'i.ivanov@smartoffice.ru', '2018-12-03', 2, 36, 1),
    ('Калинина Карина Константиновна', '1992-12-02', '+7 (495) 888-00-11', 'k.kalinina@smartoffice.ru', '2020-05-28', 2, 37, 1),
    ('Лазарев Лазарь Львович', '1987-02-13', '+7 (495) 999-11-22', 'l.lazarev@smartoffice.ru', '2019-03-15', 2, 38, 1),
    ('Макарова Маргарита Максимовна', '1993-04-24', '+7 (495) 000-22-33', 'm.makarova@smartoffice.ru', '2021-08-22', 6, 24, 1),
    ('Никитин Никита Николаевич', '1988-06-05', '+7 (495) 111-44-55', 'n.nikitin@smartoffice.ru', '2019-01-10', 2, 16, 1),
    ('Осипова Оксана Олеговна', '1990-08-16', '+7 (495) 222-55-66', 'o.osipova@smartoffice.ru', '2020-04-17', 4, 28, 1),
    ('Павлов Павел Павлович', '1985-10-27', '+7 (495) 333-66-77', 'p.pavlov@smartoffice.ru', '2018-08-05', 1, 3, 1),
    ('Рыбакова Роза Романовна', '1991-12-08', '+7 (495) 444-77-88', 'r.rybakova@smartoffice.ru', '2020-12-20', 5, 8, 1),
    ('Соколов Семен Семенович', '1989-02-19', '+7 (495) 555-88-99', 's.sokolov@smartoffice.ru', '2019-06-14', 1, 4, 1),
    ('Тарасова Тамара Тарасовна', '1994-04-30', '+7 (495) 666-99-00', 't.tarasova@smartoffice.ru', '2021-10-28', 7, 41, 1),
    ('Устинов Устин Устинович', '1986-07-11', '+7 (495) 777-00-11', 'u.ustinov@smartoffice.ru', '2018-11-16', 2, 42, 1),
    ('Фролова Фрида Федоровна', '1992-09-22', '+7 (495) 888-11-22', 'f.frolova@smartoffice.ru', '2020-03-09', 8, 39, 1),
    ('Хохлов Христофор Христофорович', '1987-11-03', '+7 (495) 999-22-33', 'h.hohlov@smartoffice.ru', '2019-05-24', 3, 19, 1),
    ('Царев Цезарь Цезаревич', '1993-01-14', '+7 (495) 000-33-44', 'c.carev@smartoffice.ru', '2021-04-11', 10, 34, 1)
ON CONFLICT (email) DO NOTHING;

-- Включаем триггер обратно
ALTER TABLE employees ENABLE TRIGGER generate_personnel_number_trigger;

-- Генерируем табельные номера для всех сотрудников
UPDATE employees SET personnel_number = 'EMP' || LPAD(employee_id::text, 5, '0') WHERE personnel_number IS NULL;

-- Обновляем руководителей отделов
UPDATE departments SET manager_id = 1 WHERE department_id = 1;
UPDATE departments SET manager_id = 2 WHERE department_id = 2;
UPDATE departments SET manager_id = 21 WHERE department_id = 3;
UPDATE departments SET manager_id = 20 WHERE department_id = 4;
UPDATE departments SET manager_id = 44 WHERE department_id = 5;
UPDATE departments SET manager_id = 22 WHERE department_id = 6;
UPDATE departments SET manager_id = 46 WHERE department_id = 7;
UPDATE departments SET manager_id = 32 WHERE department_id = 8;
UPDATE departments SET manager_id = 36 WHERE department_id = 9;
UPDATE departments SET manager_id = 19 WHERE department_id = 10;

-- Обновляем руководителей сотрудников
UPDATE employees SET manager_id = 1 WHERE employee_id IN (2,20,43,44,45);
UPDATE employees SET manager_id = 2 WHERE employee_id IN (3,13,15,31,33,37,38,41,47);
UPDATE employees SET manager_id = 3 WHERE employee_id IN (4,5,9,10,11,17,23,24,26,27,29,34,40);
UPDATE employees SET manager_id = 21 WHERE employee_id IN (6,12,35,49);
UPDATE employees SET manager_id = 22 WHERE employee_id IN (14,28,40);
UPDATE employees SET manager_id = 44 WHERE employee_id IN (8,25);
UPDATE employees SET manager_id = 20 WHERE employee_id IN (7,42);
UPDATE employees SET manager_id = 32 WHERE employee_id IN (18,48);
UPDATE employees SET manager_id = 36 WHERE employee_id IN (16,36);

-- Адреса сотрудников (50 записей)
INSERT INTO employee_addresses (employee_id, address_type, city, street, house, apartment, postal_code, valid_from) VALUES
    (1, 'residential', 'Москва', 'ул. Тверская', '10', '25', '125009', '2018-02-10'),
    (2, 'residential', 'Москва', 'ул. Арбат', '15', '42', '119019', '2019-05-15'),
    (3, 'residential', 'Москва', 'ул. Ленина', '20', '18', '101000', '2020-03-20'),
    (4, 'residential', 'Москва', 'пр-т Мира', '35', '67', '129090', '2021-07-01'),
    (5, 'residential', 'Москва', 'ул. Пушкина', '8', '12', '109012', '2021-09-12'),
    (6, 'residential', 'Москва', 'ул. Чехова', '22', '5', '125047', '2022-01-17'),
    (7, 'residential', 'Москва', 'ул. Гоголя', '17', '33', '119034', '2020-11-22'),
    (8, 'residential', 'Москва', 'ул. Толстого', '12', '8', '119021', '2023-04-05'),
    (9, 'residential', 'Москва', 'ул. Достоевского', '9', '45', '101999', '2022-08-30'),
    (10, 'residential', 'Москва', 'ул. Маяковского', '25', '71', '125009', '2023-01-09'),
    (11, 'residential', 'Москва', 'ул. Лермонтова', '14', '22', '119019', '2019-08-20'),
    (12, 'residential', 'Москва', 'ул. Некрасова', '18', '56', '101000', '2020-10-15'),
    (13, 'residential', 'Москва', 'ул. Крылова', '7', '11', '129090', '2018-04-12'),
    (14, 'residential', 'Москва', 'ул. Грибоедова', '31', '88', '109012', '2021-03-22'),
    (15, 'residential', 'Москва', 'ул. Тургенева', '19', '34', '125047', '2019-11-05'),
    (16, 'residential', 'Москва', 'ул. Блока', '26', '77', '119034', '2022-02-14'),
    (17, 'residential', 'Москва', 'ул. Есенина', '11', '19', '119021', '2020-06-18'),
    (18, 'residential', 'Москва', 'ул. Цветаевой', '29', '51', '101999', '2021-09-30'),
    (19, 'residential', 'Москва', 'ул. Ахматовой', '16', '63', '125009', '2019-12-10'),
    (20, 'residential', 'Москва', 'ул. Бунина', '23', '29', '119019', '2020-07-25'),
    (21, 'residential', 'Москва', 'ул. Горького', '13', '41', '101000', '2018-09-14'),
    (22, 'residential', 'Москва', 'ул. Шолохова', '27', '15', '129090', '2021-05-20'),
    (23, 'residential', 'Москва', 'ул. Паустовского', '9', '73', '109012', '2020-01-15'),
    (24, 'residential', 'Москва', 'ул. Платонова', '21', '26', '125047', '2021-11-08'),
    (25, 'residential', 'Москва', 'ул. Булгакова', '15', '58', '119034', '2022-03-25'),
    (26, 'residential', 'Москва', 'ул. Набокова', '32', '84', '119021', '2019-07-12'),
    (27, 'residential', 'Москва', 'ул. Солженицына', '8', '37', '101999', '2020-09-18'),
    (28, 'residential', 'Москва', 'ул. Бродского', '24', '92', '125009', '2021-12-05'),
    (29, 'residential', 'Москва', 'ул. Пастернака', '17', '14', '119019', '2019-04-22'),
    (30, 'residential', 'Москва', 'ул. Мандельштама', '11', '46', '101000', '2020-08-14'),
    (31, 'residential', 'Москва', 'ул. Заболоцкого', '28', '69', '129090', '2019-10-30'),
    (32, 'residential', 'Москва', 'ул. Твардовского', '19', '31', '109012', '2021-02-16'),
    (33, 'residential', 'Москва', 'ул. Рубцова', '14', '55', '125047', '2018-06-20'),
    (34, 'residential', 'Москва', 'ул. Высоцкого', '22', '78', '119034', '2020-11-12'),
    (35, 'residential', 'Москва', 'ул. Окуджавы', '16', '23', '119021', '2019-09-25'),
    (36, 'residential', 'Москва', 'ул. Евтушенко', '30', '61', '101999', '2021-07-18'),
    (37, 'residential', 'Москва', 'ул. Вознесенского', '12', '87', '125009', '2018-12-03'),
    (38, 'residential', 'Москва', 'ул. Рождественского', '25', '39', '119019', '2020-05-28'),
    (39, 'residential', 'Москва', 'ул. Симонова', '18', '52', '101000', '2019-03-15'),
    (40, 'residential', 'Москва', 'ул. Друниной', '33', '74', '129090', '2021-08-22'),
    (41, 'residential', 'Москва', 'ул. Берггольц', '9', '16', '109012', '2019-01-10'),
    (42, 'residential', 'Москва', 'ул. Казакова', '21', '48', '125047', '2020-04-17'),
    (43, 'residential', 'Москва', 'ул. Слуцкого', '15', '81', '119034', '2018-08-05'),
    (44, 'residential', 'Москва', 'ул. Кедрина', '27', '35', '119021', '2020-12-20'),
    (45, 'residential', 'Москва', 'ул. Исаковского', '13', '59', '101999', '2019-06-14'),
    (46, 'residential', 'Москва', 'ул. Суркова', '29', '93', '125009', '2021-10-28'),
    (47, 'residential', 'Москва', 'ул. Светлова', '11', '27', '119019', '2018-11-16'),
    (48, 'residential', 'Москва', 'ул. Смелякова', '23', '64', '101000', '2020-03-09'),
    (49, 'residential', 'Москва', 'ул. Щипачева', '17', '86', '129090', '2019-05-24'),
    (50, 'residential', 'Москва', 'ул. Прокофьева', '31', '42', '109012', '2021-04-11');


-- Члены семьи (50 записей)
INSERT INTO family_members (employee_id, full_name, relationship, birth_date, is_dependent) VALUES
    (1, 'Александрова Анна Петровна', 'spouse', '1987-06-20', false),
    (1, 'Александров Алексей Александрович', 'child', '2015-09-10', true),
    (2, 'Борисова Вера Ивановна', 'spouse', '1984-03-15', false),
    (3, 'Викторов Владимир Сергеевич', 'spouse', '1986-08-22', false),
    (3, 'Викторова Валерия Владимировна', 'child', '2018-05-12', true),
    (5, 'Дмитриев Денис Олегович', 'spouse', '1993-11-30', false),
    (7, 'Жуков Жорж Жанович', 'spouse', '1981-07-18', false),
    (7, 'Жукова Жанна Жоржевна', 'child', '2012-02-28', true),
    (10, 'Козлова Ксения Константиновна', 'spouse', '1995-04-15', false),
    (11, 'Лебедева Лариса Львовна', 'spouse', '1990-08-25', false),
    (11, 'Лебедев Лев Леонидович', 'child', '2016-12-10', true),
    (12, 'Морозов Максим Михайлович', 'spouse', '1992-05-18', false),
    (13, 'Новикова Надежда Николаевна', 'spouse', '1988-10-30', false),
    (13, 'Новиков Никита Николаевич', 'child', '2014-07-22', true),
    (14, 'Орлов Олег Олегович', 'spouse', '1989-02-14', false),
    (15, 'Петрова Полина Павловна', 'spouse', '1986-06-28', false),
    (16, 'Романов Роман Романович', 'spouse', '1991-11-12', false),
    (16, 'Романова Регина Романовна', 'child', '2019-03-05', true),
    (18, 'Тихонов Тимофей Тимофеевич', 'spouse', '1993-08-19', false),
    (19, 'Ульянова Ульяна Ульяновна', 'spouse', '1990-01-23', false),
    (20, 'Федоров Федор Федорович', 'spouse', '1988-09-07', false),
    (20, 'Федорова Фаина Федоровна', 'child', '2017-04-18', true),
    (21, 'Харитонова Христина Харитоновна', 'spouse', '1987-12-11', false),
    (22, 'Цветков Цезарь Цезаревич', 'spouse', '1992-03-26', false),
    (23, 'Чернова Чулпан Чеславовна', 'spouse', '1991-07-09', false),
    (24, 'Шестакова Шарлотта Шамильевна', 'spouse', '1993-10-14', false),
    (24, 'Шестаков Шамиль Шамильевич', 'child', '2020-01-29', true),
    (26, 'Эльдарова Эльвира Эдуардовна', 'spouse', '1988-05-22', false),
    (27, 'Юрьева Юлия Юрьевна', 'spouse', '1994-08-16', false),
    (28, 'Яковлев Яков Яковлевич', 'spouse', '1992-11-03', false),
    (29, 'Абрамова Алла Анатольевна', 'spouse', '1989-02-17', false),
    (30, 'Белов Борис Борисович', 'spouse', '1991-06-21', false),
    (31, 'Васильева Валентина Васильевна', 'spouse', '1990-09-08', false),
    (31, 'Васильев Виктор Васильевич', 'child', '2015-11-25', true),
    (33, 'Денисова Дарья Денисовна', 'spouse', '1987-04-12', false),
    (34, 'Егоров Егор Егорович', 'spouse', '1992-07-27', false),
    (35, 'Жданова Жанна Ждановна', 'spouse', '1991-10-19', false),
    (36, 'Зиновьев Захар Захарович', 'spouse', '1995-01-06', false),
    (37, 'Иванова Инна Ивановна', 'spouse', '1988-03-31', false),
    (37, 'Иванов Игорь Иванович', 'child', '2016-08-14', true),
    (39, 'Лазарева Лидия Львовна', 'spouse', '1989-11-28', false),
    (40, 'Макаров Максим Максимович', 'spouse', '1994-02-09', false),
    (42, 'Осипов Олег Олегович', 'spouse', '1987-05-24', false),
    (43, 'Павлова Полина Павловна', 'spouse', '1986-08-15', false),
    (44, 'Рыбаков Роман Романович', 'spouse', '1992-11-30', false),
    (45, 'Соколова Светлана Семеновна', 'spouse', '1990-03-07', false),
    (46, 'Тарасов Тимур Тарасович', 'spouse', '1995-06-18', false),
    (48, 'Фролов Федор Федорович', 'spouse', '1993-09-22', false),
    (49, 'Хохлова Христина Христофоровна', 'spouse', '1988-12-13', false),
    (50, 'Царева Цецилия Цезаревна', 'spouse', '1994-03-26', false);

-- Банковские реквизиты (50 записей)
INSERT INTO employee_bank_details (employee_id, bank_name, bik, account_number, correspondent_account, is_default) VALUES
    (1, 'Сбербанк', '044525225', '40817810100000000001', '30101810400000000225', true),
    (2, 'ВТБ', '044525187', '40817810200000000002', '30101810700000000187', true),
    (3, 'Альфа-Банк', '044525593', '40817810300000000003', '30101810200000000593', true),
    (4, 'Тинькофф', '044525974', '40817810400000000004', '30101810145250000974', true),
    (5, 'Сбербанк', '044525225', '40817810500000000005', '30101810400000000225', true),
    (6, 'ВТБ', '044525187', '40817810600000000006', '30101810700000000187', true),
    (7, 'Газпромбанк', '044525823', '40817810700000000007', '30101810200000000823', true),
    (8, 'Райффайзенбанк', '044525700', '40817810800000000008', '30101810200000000700', true),
    (9, 'Сбербанк', '044525225', '40817810900000000009', '30101810400000000225', true),
    (10, 'Альфа-Банк', '044525593', '40817811000000000010', '30101810200000000593', true),
    (11, 'Тинькофф', '044525974', '40817811100000000011', '30101810145250000974', true),
    (12, 'Сбербанк', '044525225', '40817811200000000012', '30101810400000000225', true),
    (13, 'ВТБ', '044525187', '40817811300000000013', '30101810700000000187', true),
    (14, 'Альфа-Банк', '044525593', '40817811400000000014', '30101810200000000593', true),
    (15, 'Газпромбанк', '044525823', '40817811500000000015', '30101810200000000823', true),
    (16, 'Райффайзенбанк', '044525700', '40817811600000000016', '30101810200000000700', true),
    (17, 'Сбербанк', '044525225', '40817811700000000017', '30101810400000000225', true),
    (18, 'Тинькофф', '044525974', '40817811800000000018', '30101810145250000974', true),
    (19, 'ВТБ', '044525187', '40817811900000000019', '30101810700000000187', true),
    (20, 'Альфа-Банк', '044525593', '40817812000000000020', '30101810200000000593', true),
    (21, 'Сбербанк', '044525225', '40817812100000000021', '30101810400000000225', true),
    (22, 'Газпромбанк', '044525823', '40817812200000000022', '30101810200000000823', true),
    (23, 'Райффайзенбанк', '044525700', '40817812300000000023', '30101810200000000700', true),
    (24, 'Тинькофф', '044525974', '40817812400000000024', '30101810145250000974', true),
    (25, 'Сбербанк', '044525225', '40817812500000000025', '30101810400000000225', true),
    (26, 'ВТБ', '044525187', '40817812600000000026', '30101810700000000187', true),
    (27, 'Альфа-Банк', '044525593', '40817812700000000027', '30101810200000000593', true),
    (28, 'Газпромбанк', '044525823', '40817812800000000028', '30101810200000000823', true),
    (29, 'Райффайзенбанк', '044525700', '40817812900000000029', '30101810200000000700', true),
    (30, 'Сбербанк', '044525225', '40817813000000000030', '30101810400000000225', true),
    (31, 'Тинькофф', '044525974', '40817813100000000031', '30101810145250000974', true),
    (32, 'ВТБ', '044525187', '40817813200000000032', '30101810700000000187', true),
    (33, 'Альфа-Банк', '044525593', '40817813300000000033', '30101810200000000593', true),
    (34, 'Сбербанк', '044525225', '40817813400000000034', '30101810400000000225', true),
    (35, 'Газпромбанк', '044525823', '40817813500000000035', '30101810200000000823', true),
    (36, 'Райффайзенбанк', '044525700', '40817813600000000036', '30101810200000000700', true),
    (37, 'Тинькофф', '044525974', '40817813700000000037', '30101810145250000974', true),
    (38, 'Сбербанк', '044525225', '40817813800000000038', '30101810400000000225', true),
    (39, 'ВТБ', '044525187', '40817813900000000039', '30101810700000000187', true),
    (40, 'Альфа-Банк', '044525593', '40817814000000000040', '30101810200000000593', true),
    (41, 'Газпромбанк', '044525823', '40817814100000000041', '30101810200000000823', true),
    (42, 'Райффайзенбанк', '044525700', '40817814200000000042', '30101810200000000700', true),
    (43, 'Сбербанк', '044525225', '40817814300000000043', '30101810400000000225', true),
    (44, 'Тинькофф', '044525974', '40817814400000000044', '30101810145250000974', true),
    (45, 'ВТБ', '044525187', '40817814500000000045', '30101810700000000187', true),
    (46, 'Альфа-Банк', '044525593', '40817814600000000046', '30101810200000000593', true),
    (47, 'Сбербанк', '044525225', '40817814700000000047', '30101810400000000225', true),
    (48, 'Газпромбанк', '044525823', '40817814800000000048', '30101810200000000823', true),
    (49, 'Райффайзенбанк', '044525700', '40817814900000000049', '30101810200000000700', true),
    (50, 'Тинькофф', '044525974', '40817815000000000050', '30101810145250000974', true);

-- Зарплаты (50 записей)
INSERT INTO salaries (employee_id, effective_date, amount) VALUES
    (1, '2018-02-10', 450000), (2, '2019-05-15', 350000), (3, '2020-03-20', 280000),
    (4, '2021-07-01', 200000), (5, '2021-09-12', 120000), (6, '2022-01-17', 100000),
    (7, '2020-11-22', 90000), (8, '2023-04-05', 85000), (9, '2022-08-30', 110000),
    (10, '2023-01-09', 115000), (11, '2019-08-20', 180000), (12, '2020-10-15', 140000),
    (13, '2018-04-12', 250000), (14, '2021-03-22', 75000), (15, '2019-11-05', 160000),
    (16, '2022-02-14', 95000), (17, '2020-06-18', 85000), (18, '2021-09-30', 105000),
    (19, '2019-12-10', 130000), (20, '2020-07-25', 220000), (21, '2018-09-14', 240000),
    (22, '2021-05-20', 210000), (23, '2020-01-15', 125000), (24, '2021-11-08', 135000),
    (25, '2022-03-25', 70000), (26, '2019-07-12', 145000), (27, '2020-09-18', 155000),
    (28, '2021-12-05', 65000), (29, '2019-04-22', 75000), (30, '2020-08-14', 55000),
    (31, '2019-10-30', 190000), (32, '2021-02-16', 115000), (33, '2018-06-20', 230000),
    (34, '2020-11-12', 165000), (35, '2019-09-25', 95000), (36, '2021-07-18', 110000),
    (37, '2018-12-03', 125000), (38, '2020-05-28', 140000), (39, '2019-03-15', 90000),
    (40, '2021-08-22', 68000), (41, '2019-01-10', 105000), (42, '2020-04-17', 60000),
    (43, '2018-08-05', 310000), (44, '2020-12-20', 200000), (45, '2019-06-14', 280000),
    (46, '2021-10-28', 58000), (47, '2018-11-16', 150000), (48, '2020-03-09', 82000),
    (49, '2019-05-24', 88000), (50, '2021-04-11', 72000);


-- Поставщики (50 записей)
INSERT INTO suppliers (name, contact_person, phone, email, address) VALUES
    ('ООО "ТехноМир"', 'Петров Петр Петрович', '+7 (495) 123-45-67', 'info@technomir.ru', 'Москва, ул. Промышленная, 5'),
    ('АО "КомпьютерСервис"', 'Сидорова Светлана Сергеевна', '+7 (495) 234-56-78', 'sales@compserv.ru', 'Москва, пр-т Ленинский, 45'),
    ('ИП Иванов И.И.', 'Иванов Иван Иванович', '+7 (495) 345-67-89', 'ivanov@mail.ru', 'Москва, ул. Садовая, 12'),
    ('ООО "ИТ-Решения"', 'Козлов Константин Константинович', '+7 (495) 456-78-90', 'info@it-solutions.ru', 'Москва, ул. Новая, 78'),
    ('ЗАО "Электроника Плюс"', 'Морозова Марина Михайловна', '+7 (495) 567-89-01', 'sales@electroplus.ru', 'Москва, пр-т Вернадского, 23'),
    ('ООО "Офис Комплект"', 'Новиков Николай Николаевич', '+7 (495) 678-90-12', 'office@officecomp.ru', 'Москва, ул. Строителей, 34'),
    ('ИП Смирнова А.В.', 'Смирнова Анна Владимировна', '+7 (495) 789-01-23', 'smirnova@biz.ru', 'Москва, ул. Центральная, 56'),
    ('ООО "Техника и Сервис"', 'Федоров Федор Федорович', '+7 (495) 890-12-34', 'info@techservice.ru', 'Москва, ул. Заводская, 89'),
    ('АО "Компьютерные Системы"', 'Орлова Ольга Олеговна', '+7 (495) 901-23-45', 'sales@compsys.ru', 'Москва, пр-т Мира, 112'),
    ('ООО "Цифровые Технологии"', 'Павлов Павел Павлович', '+7 (495) 012-34-56', 'info@digitech.ru', 'Москва, ул. Технологическая, 67'),
    ('ИП Романов Р.Р.', 'Романов Роман Романович', '+7 (495) 123-56-78', 'romanov@tech.ru', 'Москва, ул. Промышленная, 45'),
    ('ООО "Бизнес Техника"', 'Соколова Светлана Сергеевна', '+7 (495) 234-67-89', 'info@biztech.ru', 'Москва, пр-т Ленина, 90'),
    ('ЗАО "Компьютерный Мир"', 'Тарасов Тимур Тарасович', '+7 (495) 345-78-90', 'sales@compworld.ru', 'Москва, ул. Советская, 123'),
    ('ООО "Электро Снаб"', 'Ульянова Ульяна Ульяновна', '+7 (495) 456-89-01', 'info@electrosnab.ru', 'Москва, ул. Энергетиков, 34'),
    ('ИП Харитонов Х.Х.', 'Харитонов Харитон Харитонович', '+7 (495) 567-90-12', 'haritonov@supply.ru', 'Москва, ул. Торговая, 56'),
    ('ООО "Техно Поставка"', 'Цветкова Цецилия Цезаревна', '+7 (495) 678-01-23', 'info@techsupply.ru', 'Москва, пр-т Победы, 78'),
    ('АО "Компьютерные Решения"', 'Чернов Чеслав Чеславович', '+7 (495) 789-12-34', 'sales@compsolutions.ru', 'Москва, ул. Индустриальная, 90'),
    ('ООО "Офисная Техника"', 'Шестаков Шамиль Шамильевич', '+7 (495) 890-23-45', 'info@officetech.ru', 'Москва, ул. Деловая, 112'),
    ('ИП Щербакова Щ.Щ.', 'Щербакова Щедрина Щедровна', '+7 (495) 901-34-56', 'scherbakova@tech.ru', 'Москва, ул. Рабочая, 134'),
    ('ООО "Электроника Сервис"', 'Эльдаров Эдуард Эдуардович', '+7 (495) 012-45-67', 'info@electroservice.ru', 'Москва, пр-т Комсомольский, 156'),
    ('ЗАО "ИТ Комплекс"', 'Юрьев Юрий Юрьевич', '+7 (495) 123-67-89', 'sales@itcomplex.ru', 'Москва, ул. Компьютерная, 178'),
    ('ООО "Техно Центр"', 'Яковлева Яна Яковлевна', '+7 (495) 234-78-90', 'info@techcenter.ru', 'Москва, ул. Центральная, 190'),
    ('ИП Абрамов А.А.', 'Абрамов Анатолий Анатольевич', '+7 (495) 345-89-01', 'abramov@supply.ru', 'Москва, пр-т Мира, 212'),
    ('ООО "Компьютерная Техника"', 'Белова Белла Борисовна', '+7 (495) 456-90-12', 'info@comptech.ru', 'Москва, ул. Новая, 234'),
    ('АО "Электро Комплект"', 'Васильев Василий Васильевич', '+7 (495) 567-01-23', 'sales@electrocomp.ru', 'Москва, ул. Заводская, 256'),
    ('ООО "Офис Снаб"', 'Гаврилова Галина Георгиевна', '+7 (495) 678-12-34', 'info@officesnab.ru', 'Москва, пр-т Ленинский, 278'),
    ('ИП Денисов Д.Д.', 'Денисов Денис Денисович', '+7 (495) 789-23-45', 'denisov@tech.ru', 'Москва, ул. Промышленная, 290'),
    ('ООО "Техника Плюс"', 'Егорова Елена Егоровна', '+7 (495) 890-34-56', 'info@techplus.ru', 'Москва, ул. Строителей, 312'),
    ('ЗАО "Компьютерный Центр"', 'Жданов Ждан Жданович', '+7 (495) 901-45-67', 'sales@compcenter.ru', 'Москва, пр-т Вернадского, 334'),
    ('ООО "Электроника Мир"', 'Зиновьева Зинаида Захаровна', '+7 (495) 012-56-78', 'info@electroworld.ru', 'Москва, ул. Технологическая, 356'),
    ('ИП Иванов И.И. #2', 'Иванов Игорь Иванович', '+7 (495) 123-78-90', 'ivanov2@supply.ru', 'Москва, ул. Торговая, 378'),
    ('ООО "ИТ Поставка"', 'Калинина Карина Константиновна', '+7 (495) 234-89-01', 'info@itsupply.ru', 'Москва, пр-т Победы, 390'),
    ('АО "Техно Сервис"', 'Лазарев Лазарь Львович', '+7 (495) 345-90-12', 'sales@techservice2.ru', 'Москва, ул. Индустриальная, 412'),
    ('ООО "Компьютерные Поставки"', 'Макарова Маргарита Максимовна', '+7 (495) 456-01-23', 'info@compsupply.ru', 'Москва, ул. Деловая, 434'),
    ('ИП Никитин Н.Н.', 'Никитин Никита Николаевич', '+7 (495) 567-12-34', 'nikitin@tech.ru', 'Москва, пр-т Комсомольский, 456'),
    ('ООО "Офисные Решения"', 'Осипова Оксана Олеговна', '+7 (495) 678-23-45', 'info@officesolutions.ru', 'Москва, ул. Рабочая, 478'),
    ('ЗАО "Электро Техника"', 'Павлов Павел Павлович', '+7 (495) 789-34-56', 'sales@electrotech.ru', 'Москва, ул. Компьютерная, 490'),
    ('ООО "Техно Комплект"', 'Рыбакова Роза Романовна', '+7 (495) 890-45-67', 'info@techcomp.ru', 'Москва, пр-т Мира, 512'),
    ('ИП Соколов С.С.', 'Соколов Семен Семенович', '+7 (495) 901-56-78', 'sokolov@supply.ru', 'Москва, ул. Центральная, 534'),
    ('ООО "Компьютерный Снаб"', 'Тарасова Тамара Тарасовна', '+7 (495) 012-67-89', 'info@compsnab.ru', 'Москва, ул. Новая, 556'),
    ('АО "ИТ Центр"', 'Устинов Устин Устинович', '+7 (495) 123-89-01', 'sales@itcenter.ru', 'Москва, пр-т Ленинский, 578'),
    ('ООО "Электроника Комплект"', 'Фролова Фрида Федоровна', '+7 (495) 234-90-12', 'info@electrocomp2.ru', 'Москва, ул. Заводская, 590'),
    ('ИП Хохлов Х.Х.', 'Хохлов Христофор Христофорович', '+7 (495) 345-01-23', 'hohlov@tech.ru', 'Москва, ул. Промышленная, 612'),
    ('ООО "Техника Сервис"', 'Царев Цезарь Цезаревич', '+7 (495) 456-12-34', 'info@techservice3.ru', 'Москва, пр-т Вернадского, 634'),
    ('ЗАО "Офис Центр"', 'Чернова Чулпан Чеславовна', '+7 (495) 567-23-45', 'sales@officecenter.ru', 'Москва, ул. Строителей, 656'),
    ('ООО "Компьютерная Поставка"', 'Шестакова Шарлотта Шамильевна', '+7 (495) 678-34-56', 'info@compsupply2.ru', 'Москва, ул. Технологическая, 678'),
    ('ИП Щукин Щ.Щ.', 'Щукин Щедрин Щедрович', '+7 (495) 789-45-67', 'schukin@supply.ru', 'Москва, пр-т Победы, 690'),
    ('ООО "Электро Центр"', 'Эльдарова Эльвира Эдуардовна', '+7 (495) 890-56-78', 'info@electrocenter.ru', 'Москва, ул. Торговая, 712'),
    ('АО "ИТ Решения Плюс"', 'Юрьева Юлия Юрьевна', '+7 (495) 901-67-89', 'sales@itsolutions2.ru', 'Москва, ул. Индустриальная, 734'),
    ('ООО "Техно Мир"', 'Яковлев Яков Яковлевич', '+7 (495) 012-78-90', 'info@techworld.ru', 'Москва, пр-т Комсомольский, 756');


-- Оборудование (50 записей)
INSERT INTO assets (name, type, serial_number, supplier_id, purchase_date, purchase_price, warranty_until, status) VALUES
    ('Ноутбук Dell Latitude 5520 #1', 'laptop', 'DL5520-001', 1, '2023-01-15', 85000, '2026-01-15', 'assigned'),
    ('Ноутбук HP ProBook 450 #1', 'laptop', 'HP450-002', 1, '2023-02-20', 75000, '2026-02-20', 'assigned'),
    ('Монитор Dell 27" #1', 'monitor', 'DLM27-003', 2, '2023-01-15', 25000, '2026-01-15', 'assigned'),
    ('Монитор LG 24" #1', 'monitor', 'LG24-004', 2, '2023-03-10', 18000, '2026-03-10', 'assigned'),
    ('iPhone 14 Pro #1', 'phone', 'IP14P-005', 3, '2023-04-01', 95000, '2024-04-01', 'assigned'),
    ('Samsung Galaxy S23 #1', 'phone', 'SGS23-006', 3, '2023-05-15', 75000, '2024-05-15', 'assigned'),
    ('Клавиатура Logitech #1', 'keyboard', 'LGK-007', 2, '2023-01-20', 3500, '2024-01-20', 'assigned'),
    ('Мышь Logitech MX Master #1', 'mouse', 'LGMX-008', 2, '2023-01-20', 7500, '2024-01-20', 'assigned'),
    ('Ноутбук Lenovo ThinkPad #1', 'laptop', 'LTP-009', 4, '2023-06-10', 92000, '2026-06-10', 'assigned'),
    ('Ноутбук ASUS VivoBook #1', 'laptop', 'AVB-010', 4, '2023-07-15', 68000, '2026-07-15', 'assigned'),
    ('Монитор Samsung 32" #1', 'monitor', 'SM32-011', 5, '2023-02-20', 32000, '2026-02-20', 'assigned'),
    ('Монитор BenQ 27" #1', 'monitor', 'BQ27-012', 5, '2023-03-25', 28000, '2026-03-25', 'assigned'),
    ('iPhone 13 #1', 'phone', 'IP13-013', 6, '2023-08-05', 75000, '2024-08-05', 'assigned'),
    ('Xiaomi 13 Pro #1', 'phone', 'XM13P-014', 6, '2023-09-10', 65000, '2024-09-10', 'assigned'),
    ('Клавиатура Razer #1', 'keyboard', 'RZK-015', 7, '2023-04-15', 8500, '2024-04-15', 'assigned'),
    ('Мышь Razer DeathAdder #1', 'mouse', 'RZDA-016', 7, '2023-04-15', 5500, '2024-04-15', 'assigned'),
    ('Ноутбук Acer Aspire #1', 'laptop', 'ACA-017', 8, '2023-10-20', 62000, '2026-10-20', 'assigned'),
    ('Ноутбук MSI Modern #1', 'laptop', 'MSIM-018', 8, '2023-11-25', 78000, '2026-11-25', 'assigned'),
    ('Монитор AOC 24" #1', 'monitor', 'AOC24-019', 9, '2023-05-30', 19000, '2026-05-30', 'assigned'),
    ('Монитор Philips 27" #1', 'monitor', 'PH27-020', 9, '2023-06-15', 26000, '2026-06-15', 'assigned'),
    ('Samsung Galaxy A54 #1', 'phone', 'SGA54-021', 10, '2023-12-01', 35000, '2024-12-01', 'assigned'),
    ('Realme GT 2 Pro #1', 'phone', 'RGT2P-022', 10, '2024-01-10', 45000, '2025-01-10', 'assigned'),
    ('Клавиатура Microsoft #1', 'keyboard', 'MSK-023', 11, '2023-07-20', 4500, '2024-07-20', 'assigned'),
    ('Мышь Microsoft Arc #1', 'mouse', 'MSA-024', 11, '2023-07-20', 6500, '2024-07-20', 'assigned'),
    ('Ноутбук HP EliteBook #1', 'laptop', 'HPEB-025', 12, '2024-02-15', 105000, '2027-02-15', 'assigned'),
    ('Ноутбук Dell XPS 13 #1', 'laptop', 'DXPS13-026', 12, '2024-03-20', 125000, '2027-03-20', 'assigned'),
    ('Монитор LG UltraWide #1', 'monitor', 'LGUW-027', 13, '2023-08-25', 45000, '2026-08-25', 'assigned'),
    ('Монитор ASUS ProArt #1', 'monitor', 'ASPA-028', 13, '2023-09-30', 52000, '2026-09-30', 'assigned'),
    ('iPhone 12 #1', 'phone', 'IP12-029', 14, '2024-04-05', 55000, '2025-04-05', 'assigned'),
    ('OnePlus 11 #1', 'phone', 'OP11-030', 14, '2024-05-10', 58000, '2025-05-10', 'assigned'),
    ('Клавиатура Corsair #1', 'keyboard', 'CRK-031', 15, '2023-10-15', 9500, '2024-10-15', 'available'),
    ('Мышь Corsair Dark Core #1', 'mouse', 'CRDC-032', 15, '2023-10-15', 7800, '2024-10-15', 'available'),
    ('Ноутбук Lenovo IdeaPad #1', 'laptop', 'LIP-033', 16, '2024-06-15', 58000, '2027-06-15', 'available'),
    ('Ноутбук ASUS ZenBook #1', 'laptop', 'AZB-034', 16, '2024-07-20', 88000, '2027-07-20', 'available'),
    ('Монитор ViewSonic 27" #1', 'monitor', 'VS27-035', 17, '2023-11-25', 24000, '2026-11-25', 'available'),
    ('Монитор Acer Predator #1', 'monitor', 'ACP-036', 17, '2023-12-30', 38000, '2026-12-30', 'available'),
    ('Xiaomi 12T Pro #1', 'phone', 'XM12TP-037', 18, '2024-08-05', 48000, '2025-08-05', 'available'),
    ('Google Pixel 7 #1', 'phone', 'GP7-038', 18, '2024-09-10', 52000, '2025-09-10', 'available'),
    ('Клавиатура HyperX #1', 'keyboard', 'HXK-039', 19, '2024-01-15', 7500, '2025-01-15', 'available'),
    ('Мышь HyperX Pulsefire #1', 'mouse', 'HXPF-040', 19, '2024-01-15', 4500, '2025-01-15', 'available'),
    ('Ноутбук Apple MacBook Pro #1', 'laptop', 'AMBP-041', 20, '2024-10-20', 185000, '2027-10-20', 'available'),
    ('Ноутбук Apple MacBook Air #1', 'laptop', 'AMBA-042', 20, '2024-11-25', 135000, '2027-11-25', 'available'),
    ('Монитор Dell UltraSharp #1', 'monitor', 'DLUS-043', 21, '2024-02-28', 48000, '2027-02-28', 'available'),
    ('Монитор HP Z27 #1', 'monitor', 'HPZ27-044', 21, '2024-03-15', 42000, '2027-03-15', 'available'),
    ('iPhone 15 #1', 'phone', 'IP15-045', 22, '2024-12-01', 85000, '2025-12-01', 'available'),
    ('Samsung Galaxy S24 #1', 'phone', 'SGS24-046', 22, '2025-01-10', 95000, '2026-01-10', 'available'),
    ('Клавиатура SteelSeries #1', 'keyboard', 'SSK-047', 23, '2024-04-20', 11500, '2025-04-20', 'available'),
    ('Мышь SteelSeries Rival #1', 'mouse', 'SSR-048', 23, '2024-04-20', 6800, '2025-04-20', 'available'),
    ('Принтер HP LaserJet #1', 'printer', 'HPLJ-049', 24, '2023-05-10', 35000, '2026-05-10', 'available'),
    ('Сканер Epson WorkForce #1', 'scanner', 'EWF-050', 25, '2023-06-15', 28000, '2026-06-15', 'available');

-- Закрепление оборудования (50 записей)
INSERT INTO asset_assignments (asset_id, employee_id, assigned_date) VALUES
    (1, 1, '2023-01-16'), (2, 2, '2023-02-21'), (3, 3, '2023-01-16'), (4, 4, '2023-03-11'),
    (5, 1, '2023-04-02'), (6, 2, '2023-05-16'), (7, 5, '2023-01-21'), (8, 5, '2023-01-21'),
    (9, 6, '2023-06-11'), (10, 7, '2023-07-16'), (11, 8, '2023-02-21'), (12, 9, '2023-03-26'),
    (13, 10, '2023-08-06'), (14, 11, '2023-09-11'), (15, 12, '2023-04-16'), (16, 12, '2023-04-16'),
    (17, 13, '2023-10-21'), (18, 14, '2023-11-26'), (19, 15, '2023-05-31'), (20, 16, '2023-06-16'),
    (21, 17, '2023-12-02'), (22, 18, '2024-01-11'), (23, 19, '2023-07-21'), (24, 19, '2023-07-21'),
    (25, 20, '2024-02-16'), (26, 21, '2024-03-21'), (27, 22, '2023-08-26'), (28, 23, '2023-10-01'),
    (29, 24, '2024-04-06'), (30, 25, '2024-05-11'), (31, 26, '2023-10-16'), (32, 26, '2023-10-16'),
    (33, 27, '2024-06-16'), (34, 28, '2024-07-21'), (35, 29, '2023-11-26'), (36, 30, '2023-12-31'),
    (37, 31, '2024-08-06'), (38, 32, '2024-09-11'), (39, 33, '2024-01-16'), (40, 33, '2024-01-16'),
    (41, 34, '2024-10-21'), (42, 35, '2024-11-26'), (43, 36, '2024-03-01'), (44, 37, '2024-03-16'),
    (45, 38, '2024-12-02'), (46, 39, '2025-01-11'), (47, 40, '2024-04-21'), (48, 40, '2024-04-21'),
    (49, 41, '2023-05-11'), (50, 42, '2023-06-16');


-- Навыки (50 записей)
INSERT INTO skills (name, category) VALUES
    ('Python', 'Программирование'), ('JavaScript', 'Программирование'), ('SQL', 'Базы данных'),
    ('PostgreSQL', 'Базы данных'), ('React', 'Frontend'), ('Node.js', 'Backend'),
    ('Docker', 'DevOps'), ('Kubernetes', 'DevOps'), ('Управление проектами', 'Менеджмент'),
    ('Продажи', 'Бизнес'), ('Java', 'Программирование'), ('C#', 'Программирование'),
    ('PHP', 'Программирование'), ('Ruby', 'Программирование'), ('Go', 'Программирование'),
    ('TypeScript', 'Программирование'), ('Vue.js', 'Frontend'), ('Angular', 'Frontend'),
    ('Django', 'Backend'), ('Flask', 'Backend'), ('Spring Boot', 'Backend'),
    ('ASP.NET', 'Backend'), ('MongoDB', 'Базы данных'), ('MySQL', 'Базы данных'),
    ('Redis', 'Базы данных'), ('Git', 'Инструменты'), ('Jenkins', 'DevOps'),
    ('GitLab CI', 'DevOps'), ('AWS', 'Облачные технологии'), ('Azure', 'Облачные технологии'),
    ('Google Cloud', 'Облачные технологии'), ('Linux', 'Операционные системы'),
    ('Windows Server', 'Операционные системы'), ('Agile', 'Методологии'),
    ('Scrum', 'Методологии'), ('Kanban', 'Методологии'), ('Маркетинг', 'Бизнес'),
    ('SEO', 'Маркетинг'), ('Контекстная реклама', 'Маркетинг'), ('SMM', 'Маркетинг'),
    ('Дизайн интерфейсов', 'Дизайн'), ('Графический дизайн', 'Дизайн'),
    ('Figma', 'Инструменты'), ('Adobe Photoshop', 'Инструменты'),
    ('Adobe Illustrator', 'Инструменты'), ('1C', 'Бухгалтерия'),
    ('Налоговый учет', 'Бухгалтерия'), ('Бюджетирование', 'Финансы'),
    ('Финансовый анализ', 'Финансы'), ('Рекрутинг', 'HR');

-- Навыки сотрудников (50+ записей для разнообразия)
INSERT INTO employee_skills (employee_id, skill_id, level) VALUES
    (2, 1, 5), (2, 3, 5), (2, 4, 5), (2, 7, 4), (2, 8, 4),
    (3, 1, 4), (3, 3, 4), (3, 6, 4), (3, 9, 3), (3, 26, 3),
    (4, 1, 4), (4, 2, 4), (4, 5, 4), (4, 6, 3), (4, 16, 4),
    (5, 2, 3), (5, 5, 3), (5, 6, 2), (5, 17, 3), (5, 18, 2),
    (6, 10, 4), (6, 37, 3), (6, 39, 3),
    (9, 2, 3), (9, 5, 3), (9, 16, 3), (9, 17, 2),
    (10, 1, 2), (10, 3, 2), (10, 4, 2), (10, 19, 2),
    (11, 1, 4), (11, 11, 4), (11, 21, 4), (11, 23, 3),
    (12, 10, 3), (12, 37, 3), (12, 38, 2),
    (13, 1, 5), (13, 3, 5), (13, 7, 5), (13, 8, 4), (13, 29, 4),
    (14, 37, 3), (14, 38, 3), (14, 39, 3), (14, 40, 2),
    (15, 7, 4), (15, 8, 3), (15, 27, 4), (15, 28, 3), (15, 32, 4),
    (16, 41, 4), (16, 42, 4), (16, 43, 3), (16, 44, 3),
    (17, 1, 3), (17, 2, 3), (17, 3, 3), (17, 26, 2),
    (18, 3, 4), (18, 4, 4), (18, 23, 3), (18, 24, 3), (18, 48, 3),
    (19, 46, 4), (19, 47, 3),
    (20, 46, 4), (20, 47, 4), (20, 48, 3),
    (21, 10, 4), (21, 37, 4), (21, 39, 3),
    (22, 37, 4), (22, 38, 4), (22, 39, 3), (22, 40, 3),
    (23, 2, 4), (23, 5, 4), (23, 16, 4), (23, 17, 3),
    (24, 2, 4), (24, 6, 4), (24, 16, 4), (24, 19, 3),
    (25, 50, 4), (25, 37, 3),
    (26, 1, 4), (26, 2, 4), (26, 5, 4), (26, 6, 4), (26, 16, 4),
    (27, 1, 4), (27, 2, 4), (27, 5, 4), (27, 6, 4), (27, 16, 4),
    (28, 37, 2), (28, 38, 2), (28, 40, 2),
    (29, 1, 2), (29, 2, 2), (29, 3, 2), (29, 26, 1),
    (30, 32, 3), (30, 33, 3), (30, 7, 2),
    (31, 1, 5), (31, 3, 5), (31, 7, 4), (31, 9, 4), (31, 34, 4),
    (32, 3, 4), (32, 4, 4), (32, 23, 3), (32, 48, 4),
    (33, 1, 5), (33, 11, 4), (33, 21, 4), (33, 29, 4),
    (34, 1, 4), (34, 2, 4), (34, 5, 4), (34, 6, 4), (34, 16, 4),
    (35, 10, 3), (35, 37, 3), (35, 39, 2),
    (36, 41, 4), (36, 42, 4), (36, 43, 4), (36, 44, 3),
    (37, 9, 4), (37, 34, 4), (37, 35, 3), (37, 36, 3),
    (38, 9, 4), (38, 34, 3), (38, 35, 3),
    (39, 1, 3), (39, 2, 3), (39, 3, 3), (39, 26, 2),
    (40, 37, 2), (40, 38, 2), (40, 40, 2),
    (41, 32, 3), (41, 33, 3), (41, 7, 2), (41, 26, 2),
    (42, 46, 3), (42, 47, 2),
    (43, 46, 5), (43, 47, 4), (43, 48, 4), (43, 49, 4),
    (44, 50, 5), (44, 37, 4),
    (45, 46, 4), (45, 47, 4), (45, 48, 3), (45, 49, 3),
    (46, 32, 3), (32, 33, 3), (46, 7, 2),
    (47, 1, 4), (47, 3, 4), (47, 7, 3), (47, 8, 3),
    (48, 37, 2), (48, 38, 2), (48, 40, 2),
    (49, 10, 3), (49, 37, 3), (49, 39, 2),
    (50, 46, 3), (50, 47, 2);

-- Курсы (50 записей)
INSERT INTO courses (title, provider, duration_hours, description) VALUES
    ('Продвинутый Python', 'Coursera', 40, 'Углубленное изучение Python'),
    ('React для профессионалов', 'Udemy', 30, 'Продвинутая разработка на React'),
    ('Kubernetes Administration', 'Linux Foundation', 60, 'Администрирование Kubernetes'),
    ('Управление проектами Agile', 'PMI', 24, 'Agile методологии управления проектами'),
    ('PostgreSQL Performance Tuning', 'PostgreSQL.org', 16, 'Оптимизация производительности PostgreSQL'),
    ('JavaScript ES6+', 'Udemy', 25, 'Современный JavaScript'),
    ('Docker для разработчиков', 'Docker Inc', 20, 'Контейнеризация приложений'),
    ('AWS Solutions Architect', 'Amazon', 50, 'Архитектура решений на AWS'),
    ('Machine Learning Basics', 'Coursera', 45, 'Основы машинного обучения'),
    ('Data Science with Python', 'DataCamp', 60, 'Анализ данных с Python'),
    ('Node.js Advanced', 'Udemy', 35, 'Продвинутая разработка на Node.js'),
    ('Vue.js Complete Guide', 'Udemy', 28, 'Полное руководство по Vue.js'),
    ('Angular Framework', 'Google', 32, 'Разработка на Angular'),
    ('DevOps Fundamentals', 'Linux Academy', 40, 'Основы DevOps'),
    ('CI/CD with Jenkins', 'CloudBees', 18, 'Непрерывная интеграция с Jenkins'),
    ('Scrum Master Certification', 'Scrum.org', 16, 'Сертификация Scrum Master'),
    ('Product Owner Training', 'Scrum.org', 16, 'Обучение Product Owner'),
    ('SQL для аналитиков', 'Coursera', 22, 'SQL для анализа данных'),
    ('MongoDB Developer', 'MongoDB University', 30, 'Разработка с MongoDB'),
    ('Redis In-Memory Database', 'Redis Labs', 12, 'Работа с Redis'),
    ('Git и GitHub', 'GitHub', 10, 'Система контроля версий'),
    ('Linux System Administration', 'Linux Foundation', 48, 'Администрирование Linux'),
    ('Windows Server Administration', 'Microsoft', 45, 'Администрирование Windows Server'),
    ('Cybersecurity Basics', 'Coursera', 35, 'Основы кибербезопасности'),
    ('Ethical Hacking', 'EC-Council', 60, 'Этичный хакинг'),
    ('Digital Marketing', 'Google', 25, 'Цифровой маркетинг'),
    ('SEO Optimization', 'Moz', 20, 'Поисковая оптимизация'),
    ('Google Ads Certification', 'Google', 15, 'Сертификация Google Ads'),
    ('Social Media Marketing', 'HubSpot', 18, 'Маркетинг в социальных сетях'),
    ('UI/UX Design Fundamentals', 'Interaction Design Foundation', 30, 'Основы UI/UX дизайна'),
    ('Figma для дизайнеров', 'Figma', 12, 'Работа в Figma'),
    ('Adobe Photoshop Advanced', 'Adobe', 28, 'Продвинутый Photoshop'),
    ('Graphic Design Principles', 'Coursera', 24, 'Принципы графического дизайна'),
    ('Business Analysis', 'IIBA', 40, 'Бизнес-анализ'),
    ('Financial Modeling', 'CFI', 35, 'Финансовое моделирование'),
    ('Accounting Basics', 'Coursera', 20, 'Основы бухгалтерского учета'),
    ('1C: Бухгалтерия 8.3', '1C', 32, 'Работа в 1C Бухгалтерия'),
    ('HR Management', 'SHRM', 30, 'Управление персоналом'),
    ('Recruitment Strategies', 'LinkedIn', 16, 'Стратегии рекрутинга'),
    ('Leadership Skills', 'Dale Carnegie', 24, 'Навыки лидерства'),
    ('Effective Communication', 'Coursera', 18, 'Эффективная коммуникация'),
    ('Time Management', 'FranklinCovey', 12, 'Управление временем'),
    ('Negotiation Skills', 'Harvard', 20, 'Навыки переговоров'),
    ('Public Speaking', 'Toastmasters', 16, 'Публичные выступления'),
    ('Emotional Intelligence', 'Yale', 14, 'Эмоциональный интеллект'),
    ('Conflict Resolution', 'Coursera', 15, 'Разрешение конфликтов'),
    ('Team Building', 'TeamBonding', 10, 'Построение команды'),
    ('Change Management', 'Prosci', 22, 'Управление изменениями'),
    ('Strategic Planning', 'MIT', 28, 'Стратегическое планирование'),
    ('Innovation Management', 'Stanford', 26, 'Управление инновациями');


-- Сертификаты (50 записей)
INSERT INTO certificates (employee_id, course_id, issue_date, grade) VALUES
    (2, 1, '2022-06-15', 'Отлично'), (2, 5, '2023-03-20', 'Отлично'), (2, 7, '2023-08-10', 'Хорошо'),
    (3, 1, '2021-09-10', 'Хорошо'), (3, 4, '2022-11-25', 'Отлично'), (3, 16, '2023-05-15', 'Отлично'),
    (4, 2, '2023-01-15', 'Отлично'), (4, 6, '2023-06-20', 'Хорошо'), (4, 11, '2023-11-10', 'Отлично'),
    (5, 2, '2023-05-20', 'Хорошо'), (5, 12, '2023-09-15', 'Хорошо'),
    (9, 2, '2023-07-10', 'Хорошо'), (9, 13, '2024-01-20', 'Отлично'),
    (10, 1, '2024-02-15', 'Удовлетворительно'), (10, 18, '2024-06-10', 'Хорошо'),
    (11, 1, '2020-08-20', 'Отлично'), (11, 11, '2021-12-15', 'Отлично'), (11, 21, '2022-09-10', 'Хорошо'),
    (13, 3, '2019-05-12', 'Отлично'), (13, 7, '2020-10-18', 'Отлично'), (13, 8, '2021-07-22', 'Отлично'),
    (15, 3, '2020-11-05', 'Хорошо'), (15, 14, '2021-08-15', 'Отлично'), (15, 22, '2022-12-20', 'Хорошо'),
    (17, 1, '2021-06-18', 'Хорошо'), (17, 18, '2022-03-25', 'Хорошо'),
    (18, 5, '2022-09-30', 'Отлично'), (18, 18, '2023-04-15', 'Хорошо'), (18, 19, '2023-10-20', 'Отлично'),
    (23, 2, '2021-01-15', 'Отлично'), (23, 6, '2021-09-20', 'Хорошо'), (23, 12, '2022-05-10', 'Отлично'),
    (24, 2, '2022-11-08', 'Хорошо'), (24, 11, '2023-07-15', 'Отлично'),
    (26, 1, '2020-07-12', 'Отлично'), (26, 2, '2021-03-18', 'Отлично'), (26, 6, '2022-01-25', 'Хорошо'),
    (27, 1, '2021-09-18', 'Хорошо'), (27, 2, '2022-06-22', 'Отлично'),
    (31, 1, '2020-10-30', 'Отлично'), (31, 3, '2021-05-15', 'Отлично'), (31, 16, '2022-11-20', 'Отлично'),
    (33, 1, '2019-06-20', 'Отлично'), (33, 11, '2020-12-10', 'Отлично'), (33, 8, '2021-09-15', 'Хорошо'),
    (34, 1, '2021-11-12', 'Хорошо'), (34, 2, '2022-08-18', 'Отлично'),
    (37, 4, '2019-12-03', 'Отлично'), (37, 16, '2021-06-15', 'Отлично'), (37, 40, '2022-11-20', 'Хорошо'),
    (38, 4, '2021-05-28', 'Хорошо'), (38, 17, '2022-10-12', 'Отлично');

-- Проекты (50 записей)
INSERT INTO projects (name, description, start_date, end_date, status, manager_id, budget, actual_cost) VALUES
    ('Разработка CRM системы', 'Создание внутренней CRM для управления клиентами', '2023-01-10', '2023-12-31', 'completed', 3, 5000000, 4800000),
    ('Миграция на облако', 'Перенос инфраструктуры в облако AWS', '2023-03-01', '2023-09-30', 'completed', 2, 3000000, 2900000),
    ('Мобильное приложение', 'Разработка мобильного приложения для клиентов', '2023-06-01', '2024-03-31', 'completed', 3, 4000000, 3950000),
    ('Система аналитики', 'Внедрение системы бизнес-аналитики', '2023-04-15', '2023-11-30', 'completed', 32, 2500000, 2400000),
    ('Автоматизация HR', 'Автоматизация HR-процессов', '2023-07-01', '2024-01-31', 'completed', 44, 1800000, 1750000),
    ('Редизайн сайта', 'Обновление корпоративного сайта', '2023-05-10', '2023-10-15', 'completed', 36, 1200000, 1180000),
    ('Система документооборота', 'Внедрение электронного документооборота', '2023-08-01', '2024-02-29', 'completed', 3, 3500000, 3450000),
    ('Интеграция с 1С', 'Интеграция CRM с 1С Бухгалтерия', '2023-09-15', '2024-03-15', 'completed', 2, 1500000, 1480000),
    ('Система мониторинга', 'Внедрение системы мониторинга инфраструктуры', '2023-10-01', '2024-04-30', 'completed', 15, 2000000, 1950000),
    ('Обучающая платформа', 'Разработка внутренней обучающей платформы', '2023-11-01', '2024-05-31', 'completed', 3, 2800000, 2750000),
    ('Система отчетности', 'Автоматизация финансовой отчетности', '2024-01-10', '2024-07-31', 'active', 20, 2200000, 1100000),
    ('Чат-бот поддержки', 'Разработка AI чат-бота для техподдержки', '2024-02-01', '2024-08-31', 'active', 2, 1900000, 950000),
    ('Система управления складом', 'WMS для управления складскими операциями', '2024-03-01', '2024-09-30', 'active', 3, 3200000, 1600000),
    ('Портал самообслуживания', 'Клиентский портал самообслуживания', '2024-04-01', '2024-10-31', 'active', 3, 2600000, 1300000),
    ('Система безопасности', 'Усиление информационной безопасности', '2024-05-01', '2024-11-30', 'active', 47, 2900000, 1450000),
    ('Маркетинговая автоматизация', 'Внедрение marketing automation', '2024-06-01', '2024-12-31', 'active', 22, 2100000, 1050000),
    ('Система лояльности', 'Программа лояльности для клиентов', '2024-07-01', '2025-01-31', 'active', 21, 1700000, 850000),
    ('API Gateway', 'Разработка единого API Gateway', '2024-08-01', '2025-02-28', 'active', 2, 2400000, 1200000),
    ('Система прогнозирования', 'ML-система прогнозирования продаж', '2024-09-01', '2025-03-31', 'active', 33, 3100000, 1550000),
    ('Мобильное приложение iOS', 'Нативное приложение для iOS', '2024-10-01', '2025-04-30', 'active', 3, 2700000, 1350000),
    ('Система управления проектами', 'Внутренняя система управления проектами', '2024-11-01', '2025-05-31', 'active', 37, 2300000, 1150000),
    ('Интеграция с банками', 'Интеграция с банковскими API', '2024-12-01', '2025-06-30', 'active', 2, 1600000, 800000),
    ('Система видеоконференций', 'Собственная система видеосвязи', '2025-01-10', '2025-07-31', 'active', 2, 2800000, 1400000),
    ('Блокчейн решение', 'Внедрение блокчейн для верификации', '2025-02-01', '2025-08-31', 'active', 33, 3500000, 1750000),
    ('Система рекомендаций', 'AI-система рекомендаций продуктов', '2025-03-01', '2025-09-30', 'active', 32, 2900000, 1450000),
    ('Голосовой помощник', 'Разработка голосового ассистента', '2025-04-01', '2025-10-31', 'active', 2, 3200000, 1600000),
    ('Система A/B тестирования', 'Платформа для A/B тестов', '2025-05-01', '2025-11-30', 'active', 3, 1800000, 900000),
    ('Дашборд для руководства', 'Executive dashboard с KPI', '2025-06-01', '2025-12-31', 'active', 32, 1500000, 750000),
    ('Система управления контентом', 'Headless CMS для всех платформ', '2025-07-01', '2026-01-31', 'active', 3, 2400000, 1200000),
    ('Платформа e-learning', 'Расширенная платформа обучения', '2025-08-01', '2026-02-28', 'active', 44, 3100000, 1550000),
    ('Система управления API', 'API management platform', '2025-09-01', '2026-03-31', 'active', 2, 2600000, 1300000),
    ('Система контроля качества', 'Автоматизация QA процессов', '2025-10-01', '2026-04-30', 'active', 3, 2200000, 1100000),
    ('Платформа IoT', 'IoT платформа для устройств', '2025-11-01', '2026-05-31', 'active', 2, 3800000, 1900000),
    ('Система управления рисками', 'Risk management system', '2025-12-01', '2026-06-30', 'active', 20, 2700000, 1350000),
    ('Платформа микросервисов', 'Переход на микросервисную архитектуру', '2026-01-10', '2026-07-31', 'active', 2, 4200000, 2100000),
    ('Система управления знаниями', 'Knowledge management system', '2026-02-01', '2026-08-31', 'active', 3, 1900000, 950000),
    ('Платформа для вебинаров', 'Система проведения вебинаров', '2026-03-01', '2026-09-30', 'active', 3, 2100000, 1050000),
    ('Система управления SLA', 'SLA management and monitoring', '2026-04-01', '2026-10-31', 'active', 46, 1700000, 850000),
    ('Платформа для опросов', 'Система создания и проведения опросов', '2026-05-01', '2026-11-30', 'active', 22, 1400000, 700000),
    ('Система управления инцидентами', 'Incident management system', '2026-06-01', '2026-12-31', 'active', 46, 2300000, 1150000),
    ('Платформа для партнеров', 'Partner portal и API', '2026-07-01', '2027-01-31', 'active', 21, 2800000, 1400000),
    ('Система управления лицензиями', 'License management system', '2026-08-01', '2027-02-28', 'active', 2, 1600000, 800000),
    ('Платформа для аналитики', 'Advanced analytics platform', '2026-09-01', '2027-03-31', 'active', 32, 3400000, 1700000),
    ('Система управления конфигурациями', 'Configuration management DB', '2026-10-01', '2027-04-30', 'active', 15, 2000000, 1000000),
    ('Платформа для тестирования', 'Automated testing platform', '2026-11-01', '2027-05-31', 'active', 3, 2500000, 1250000),
    ('Система управления релизами', 'Release management system', '2026-12-01', '2027-06-30', 'active', 2, 1800000, 900000),
    ('Платформа для DevOps', 'Unified DevOps platform', '2027-01-10', '2027-07-31', 'active', 15, 3600000, 1800000),
    ('Система управления активами', 'IT asset management system', '2027-02-01', '2027-08-31', 'active', 15, 2200000, 1100000),
    ('Платформа для мониторинга', 'Unified monitoring platform', '2027-03-01', '2027-09-30', 'active', 15, 2900000, 1450000),
    ('Система управления изменениями', 'Change management system', '2027-04-01', '2027-10-31', 'active', 2, 2100000, 1050000);


-- Команды проектов (50 записей)
INSERT INTO project_team (project_id, employee_id, role, joined_date) VALUES
    (1, 3, 'Руководитель проекта', '2023-01-10'), (1, 4, 'Ведущий разработчик', '2023-01-10'),
    (1, 5, 'Разработчик', '2023-01-15'), (1, 9, 'Разработчик', '2023-02-01'),
    (2, 2, 'Технический директор', '2023-03-01'), (2, 15, 'DevOps инженер', '2023-03-01'),
    (2, 41, 'Системный администратор', '2023-03-15'),
    (3, 3, 'Руководитель проекта', '2023-06-01'), (3, 23, 'Frontend разработчик', '2023-06-01'),
    (3, 24, 'Backend разработчик', '2023-06-01'), (3, 27, 'Fullstack разработчик', '2023-06-15'),
    (4, 32, 'Руководитель проекта', '2023-04-15'), (4, 18, 'Аналитик данных', '2023-04-15'),
    (4, 33, 'Data Scientist', '2023-04-20'),
    (5, 44, 'Руководитель проекта', '2023-07-01'), (5, 8, 'HR-менеджер', '2023-07-01'),
    (5, 25, 'Рекрутер', '2023-07-10'),
    (6, 36, 'Руководитель проекта', '2023-05-10'), (6, 16, 'UI/UX дизайнер', '2023-05-10'),
    (6, 40, 'Контент-менеджер', '2023-05-15'),
    (7, 3, 'Руководитель проекта', '2023-08-01'), (7, 4, 'Ведущий разработчик', '2023-08-01'),
    (7, 10, 'Разработчик', '2023-08-10'),
    (8, 2, 'Технический директор', '2023-09-15'), (8, 11, 'Старший разработчик', '2023-09-15'),
    (8, 20, 'Главный бухгалтер', '2023-09-20'),
    (9, 15, 'Руководитель проекта', '2023-10-01'), (9, 41, 'Системный администратор', '2023-10-01'),
    (9, 47, 'Специалист по безопасности', '2023-10-10'),
    (10, 3, 'Руководитель проекта', '2023-11-01'), (10, 26, 'Fullstack разработчик', '2023-11-01'),
    (10, 34, 'Frontend разработчик', '2023-11-10'),
    (11, 20, 'Руководитель проекта', '2024-01-10'), (11, 7, 'Бухгалтер', '2024-01-10'),
    (11, 42, 'Помощник бухгалтера', '2024-01-15'),
    (12, 2, 'Технический директор', '2024-02-01'), (12, 33, 'Data Scientist', '2024-02-01'),
    (12, 34, 'ML Engineer', '2024-02-10'),
    (13, 3, 'Руководитель проекта', '2024-03-01'), (13, 11, 'Старший разработчик', '2024-03-01'),
    (13, 17, 'Тестировщик', '2024-03-10'),
    (14, 3, 'Руководитель проекта', '2024-04-01'), (14, 23, 'Frontend разработчик', '2024-04-01'),
    (14, 24, 'Backend разработчик', '2024-04-10'),
    (15, 47, 'Руководитель проекта', '2024-05-01'), (15, 15, 'DevOps инженер', '2024-05-01');

-- Задачи (50 записей)
INSERT INTO tasks (project_id, title, description, assigned_to, deadline, priority, estimated_hours, status) VALUES
    (1, 'Проектирование базы данных', 'Разработка схемы БД для CRM', 4, '2023-02-15', 'high', 40, 'completed'),
    (1, 'Разработка API', 'Создание REST API для CRM', 4, '2023-04-30', 'high', 120, 'completed'),
    (1, 'Разработка интерфейса', 'Создание пользовательского интерфейса', 5, '2023-06-30', 'medium', 160, 'completed'),
    (1, 'Тестирование системы', 'Комплексное тестирование CRM', 9, '2023-08-31', 'high', 80, 'completed'),
    (1, 'Документация', 'Написание технической документации', 5, '2023-10-31', 'medium', 60, 'completed'),
    (2, 'Анализ текущей инфраструктуры', 'Аудит существующей инфраструктуры', 2, '2023-03-31', 'critical', 80, 'completed'),
    (2, 'Настройка AWS', 'Конфигурация облачной инфраструктуры', 15, '2023-06-30', 'high', 100, 'completed'),
    (2, 'Миграция данных', 'Перенос данных в облако', 15, '2023-08-31', 'high', 120, 'completed'),
    (2, 'Тестирование производительности', 'Нагрузочное тестирование', 41, '2023-09-15', 'medium', 40, 'completed'),
    (3, 'Дизайн мобильного приложения', 'Создание UI/UX дизайна', 23, '2023-07-31', 'high', 60, 'completed'),
    (3, 'Разработка iOS версии', 'Нативная разработка для iOS', 23, '2023-10-31', 'high', 200, 'completed'),
    (3, 'Разработка Android версии', 'Нативная разработка для Android', 24, '2023-10-31', 'high', 200, 'completed'),
    (3, 'Интеграция с backend', 'Подключение к API', 27, '2023-12-31', 'high', 80, 'completed'),
    (3, 'Публикация в сторах', 'Размещение в App Store и Google Play', 27, '2024-02-28', 'medium', 40, 'completed'),
    (4, 'Выбор BI платформы', 'Анализ и выбор решения', 32, '2023-05-15', 'high', 60, 'completed'),
    (4, 'Настройка дашбордов', 'Создание аналитических дашбордов', 18, '2023-08-31', 'high', 120, 'completed'),
    (4, 'Интеграция источников данных', 'Подключение всех источников', 33, '2023-10-31', 'high', 100, 'completed'),
    (4, 'Обучение пользователей', 'Проведение тренингов', 32, '2023-11-15', 'medium', 40, 'completed'),
    (5, 'Анализ HR процессов', 'Изучение текущих процессов', 44, '2023-08-15', 'high', 80, 'completed'),
    (5, 'Выбор HR системы', 'Анализ и выбор решения', 44, '2023-09-30', 'high', 60, 'completed'),
    (5, 'Настройка системы', 'Конфигурация HR платформы', 8, '2023-11-30', 'high', 100, 'completed'),
    (5, 'Миграция данных сотрудников', 'Перенос данных в новую систему', 25, '2024-01-15', 'high', 80, 'completed'),
    (6, 'Разработка дизайн-концепции', 'Создание нового дизайна сайта', 16, '2023-06-30', 'high', 80, 'completed'),
    (6, 'Верстка страниц', 'HTML/CSS верстка', 36, '2023-08-31', 'high', 120, 'completed'),
    (6, 'Наполнение контентом', 'Создание и размещение контента', 40, '2023-09-30', 'medium', 100, 'completed'),
    (6, 'SEO оптимизация', 'Оптимизация для поисковых систем', 40, '2023-10-10', 'medium', 40, 'completed'),
    (7, 'Анализ требований', 'Сбор требований к системе', 3, '2023-08-31', 'high', 60, 'completed'),
    (7, 'Разработка модуля документов', 'Создание системы управления документами', 4, '2023-11-30', 'high', 150, 'completed'),
    (7, 'Разработка модуля согласования', 'Workflow для согласования', 10, '2024-01-31', 'high', 120, 'completed'),
    (7, 'Интеграция с электронной подписью', 'Подключение ЭЦП', 4, '2024-02-15', 'medium', 80, 'completed'),
    (8, 'Анализ API 1С', 'Изучение возможностей интеграции', 2, '2023-10-15', 'high', 40, 'completed'),
    (8, 'Разработка интеграционного модуля', 'Создание модуля интеграции', 11, '2023-12-31', 'high', 120, 'completed'),
    (8, 'Синхронизация данных', 'Настройка обмена данными', 20, '2024-02-28', 'high', 100, 'completed'),
    (8, 'Тестирование интеграции', 'Проверка корректности обмена', 11, '2024-03-10', 'medium', 60, 'completed'),
    (9, 'Выбор системы мониторинга', 'Анализ решений для мониторинга', 15, '2023-10-31', 'high', 40, 'completed'),
    (9, 'Установка агентов мониторинга', 'Развертывание на серверах', 41, '2023-12-31', 'high', 80, 'completed'),
    (9, 'Настройка алертов', 'Конфигурация оповещений', 47, '2024-02-29', 'high', 60, 'completed'),
    (9, 'Создание дашбордов', 'Разработка панелей мониторинга', 15, '2024-04-15', 'medium', 80, 'completed'),
    (10, 'Анализ требований к платформе', 'Сбор требований от HR', 3, '2023-11-30', 'high', 60, 'completed'),
    (10, 'Разработка модуля курсов', 'Создание системы курсов', 26, '2024-02-29', 'high', 150, 'completed'),
    (10, 'Разработка модуля тестирования', 'Система тестов и экзаменов', 34, '2024-04-30', 'high', 120, 'completed'),
    (10, 'Интеграция с видеоплатформой', 'Подключение видеохостинга', 26, '2024-05-15', 'medium', 80, 'completed'),
    (11, 'Анализ процессов отчетности', 'Изучение текущих процессов', 20, '2024-02-28', 'high', 60, 'in_progress'),
    (11, 'Разработка шаблонов отчетов', 'Создание шаблонов', 7, '2024-04-30', 'high', 100, 'in_progress'),
    (11, 'Автоматизация формирования отчетов', 'Разработка автоматизации', 42, '2024-06-30', 'high', 120, 'new'),
    (12, 'Разработка NLP модели', 'Создание модели обработки языка', 33, '2024-04-30', 'high', 150, 'in_progress'),
    (12, 'Интеграция с мессенджерами', 'Подключение Telegram, WhatsApp', 34, '2024-06-30', 'high', 100, 'in_progress'),
    (12, 'Обучение модели на данных', 'Тренировка на реальных диалогах', 33, '2024-07-31', 'medium', 120, 'new'),
    (13, 'Анализ складских процессов', 'Изучение текущих процессов', 3, '2024-03-31', 'high', 80, 'in_progress'),
    (13, 'Разработка модуля приемки', 'Система приемки товаров', 11, '2024-06-30', 'high', 150, 'in_progress');


-- Учет рабочего времени (50 записей)
INSERT INTO attendance (employee_id, work_date, check_in, check_out, status) VALUES
    (1, '2024-03-01', '2024-03-01 09:00:00', '2024-03-01 18:00:00', 'present'),
    (1, '2024-03-04', '2024-03-04 09:15:00', '2024-03-04 18:30:00', 'present'),
    (2, '2024-03-01', '2024-03-01 09:00:00', '2024-03-01 18:00:00', 'present'),
    (2, '2024-03-04', '2024-03-04 09:00:00', '2024-03-04 18:00:00', 'present'),
    (3, '2024-03-01', '2024-03-01 10:00:00', '2024-03-01 19:00:00', 'present'),
    (4, '2024-03-01', '2024-03-01 10:00:00', '2024-03-01 19:00:00', 'present'),
    (5, '2024-03-01', '2024-03-01 10:00:00', '2024-03-01 19:00:00', 'present'),
    (6, '2024-03-01', '2024-03-01 09:00:00', '2024-03-01 18:00:00', 'present'),
    (7, '2024-03-01', '2024-03-01 09:00:00', '2024-03-01 18:00:00', 'present'),
    (8, '2024-03-01', '2024-03-01 09:00:00', '2024-03-01 18:00:00', 'present'),
    (9, '2024-03-01', '2024-03-01 10:00:00', '2024-03-01 19:00:00', 'present'),
    (10, '2024-03-01', '2024-03-01 10:00:00', '2024-03-01 19:00:00', 'present'),
    (11, '2024-03-01', '2024-03-01 09:00:00', '2024-03-01 18:00:00', 'present'),
    (12, '2024-03-01', '2024-03-01 09:00:00', '2024-03-01 18:00:00', 'present'),
    (13, '2024-03-01', '2024-03-01 09:00:00', '2024-03-01 18:00:00', 'present'),
    (14, '2024-03-01', '2024-03-01 09:00:00', '2024-03-01 18:00:00', 'present'),
    (15, '2024-03-01', '2024-03-01 09:00:00', '2024-03-01 18:00:00', 'present'),
    (16, '2024-03-01', '2024-03-01 09:00:00', '2024-03-01 18:00:00', 'present'),
    (17, '2024-03-01', '2024-03-01 09:00:00', '2024-03-01 18:00:00', 'present'),
    (18, '2024-03-01', '2024-03-01 09:00:00', '2024-03-01 18:00:00', 'present'),
    (19, '2024-03-01', '2024-03-01 09:00:00', '2024-03-01 18:00:00', 'present'),
    (20, '2024-03-01', '2024-03-01 09:00:00', '2024-03-01 18:00:00', 'present'),
    (21, '2024-03-01', '2024-03-01 09:00:00', '2024-03-01 18:00:00', 'present'),
    (22, '2024-03-01', '2024-03-01 09:00:00', '2024-03-01 18:00:00', 'present'),
    (23, '2024-03-01', '2024-03-01 10:00:00', '2024-03-01 19:00:00', 'present'),
    (24, '2024-03-01', '2024-03-01 10:00:00', '2024-03-01 19:00:00', 'present'),
    (25, '2024-03-01', '2024-03-01 09:00:00', '2024-03-01 18:00:00', 'present'),
    (26, '2024-03-01', '2024-03-01 10:00:00', '2024-03-01 19:00:00', 'present'),
    (27, '2024-03-01', '2024-03-01 10:00:00', '2024-03-01 19:00:00', 'present'),
    (28, '2024-03-01', '2024-03-01 09:00:00', '2024-03-01 18:00:00', 'present'),
    (29, '2024-03-01', '2024-03-01 10:00:00', '2024-03-01 19:00:00', 'present'),
    (30, '2024-03-01', '2024-03-01 09:00:00', '2024-03-01 18:00:00', 'present'),
    (31, '2024-03-01', '2024-03-01 09:00:00', '2024-03-01 18:00:00', 'present'),
    (32, '2024-03-01', '2024-03-01 09:00:00', '2024-03-01 18:00:00', 'present'),
    (33, '2024-03-01', '2024-03-01 09:00:00', '2024-03-01 18:00:00', 'present'),
    (34, '2024-03-01', '2024-03-01 10:00:00', '2024-03-01 19:00:00', 'present'),
    (35, '2024-03-01', '2024-03-01 09:00:00', '2024-03-01 18:00:00', 'present'),
    (36, '2024-03-01', '2024-03-01 09:00:00', '2024-03-01 18:00:00', 'present'),
    (37, '2024-03-01', '2024-03-01 09:00:00', '2024-03-01 18:00:00', 'present'),
    (38, '2024-03-01', '2024-03-01 09:00:00', '2024-03-01 18:00:00', 'present'),
    (39, '2024-03-01', '2024-03-01 09:00:00', '2024-03-01 18:00:00', 'present'),
    (40, '2024-03-01', '2024-03-01 09:00:00', '2024-03-01 18:00:00', 'present'),
    (41, '2024-03-01', '2024-03-01 09:00:00', '2024-03-01 18:00:00', 'present'),
    (42, '2024-03-01', '2024-03-01 09:00:00', '2024-03-01 18:00:00', 'present'),
    (43, '2024-03-01', '2024-03-01 09:00:00', '2024-03-01 18:00:00', 'present'),
    (44, '2024-03-01', '2024-03-01 09:00:00', '2024-03-01 18:00:00', 'present'),
    (45, '2024-03-01', '2024-03-01 09:00:00', '2024-03-01 18:00:00', 'present'),
    (46, '2024-03-01', '2024-03-01 09:00:00', '2024-03-01 18:00:00', 'present'),
    (47, '2024-03-01', '2024-03-01 09:00:00', '2024-03-01 18:00:00', 'present'),
    (48, '2024-03-01', '2024-03-01 09:00:00', '2024-03-01 18:00:00', 'present'),
    (50, '2024-03-01', '2024-03-01 09:00:00', '2024-03-01 18:00:00', 'present');

-- Заявки на отпуск (50 записей)
INSERT INTO leave_requests (employee_id, start_date, end_date, leave_type, status, approved_by) VALUES
    (5, '2024-07-01', '2024-07-14', 'vacation', 'approved', 3),
    (9, '2024-08-15', '2024-08-28', 'vacation', 'approved', 3),
    (10, '2024-09-01', '2024-09-07', 'vacation', 'pending', NULL),
    (4, '2024-06-10', '2024-06-17', 'vacation', 'approved', 2),
    (11, '2024-07-15', '2024-07-28', 'vacation', 'approved', 3),
    (12, '2024-08-01', '2024-08-14', 'vacation', 'approved', 21),
    (13, '2024-06-20', '2024-07-03', 'vacation', 'approved', 2),
    (14, '2024-09-10', '2024-09-23', 'vacation', 'pending', NULL),
    (15, '2024-07-20', '2024-08-02', 'vacation', 'approved', 2),
    (16, '2024-08-20', '2024-09-02', 'vacation', 'approved', 36),
    (17, '2024-06-15', '2024-06-28', 'vacation', 'approved', 3),
    (18, '2024-09-15', '2024-09-28', 'vacation', 'pending', NULL),
    (19, '2024-07-10', '2024-07-23', 'vacation', 'approved', 19),
    (20, '2024-08-10', '2024-08-23', 'vacation', 'approved', 1),
    (21, '2024-06-25', '2024-07-08', 'vacation', 'approved', 1),
    (22, '2024-09-20', '2024-10-03', 'vacation', 'pending', NULL),
    (23, '2024-07-25', '2024-08-07', 'vacation', 'approved', 3),
    (24, '2024-08-25', '2024-09-07', 'vacation', 'approved', 3),
    (25, '2024-06-30', '2024-07-13', 'vacation', 'approved', 44),
    (26, '2024-09-25', '2024-10-08', 'vacation', 'pending', NULL),
    (27, '2024-07-30', '2024-08-12', 'vacation', 'approved', 3),
    (28, '2024-08-30', '2024-09-12', 'vacation', 'approved', 22),
    (29, '2024-06-05', '2024-06-18', 'vacation', 'approved', 3),
    (30, '2024-09-30', '2024-10-13', 'vacation', 'pending', NULL),
    (31, '2024-07-05', '2024-07-18', 'vacation', 'approved', 2),
    (32, '2024-08-05', '2024-08-18', 'vacation', 'approved', 32),
    (33, '2024-06-12', '2024-06-25', 'vacation', 'approved', 2),
    (34, '2024-10-05', '2024-10-18', 'vacation', 'pending', NULL),
    (35, '2024-07-12', '2024-07-25', 'vacation', 'approved', 21),
    (36, '2024-08-12', '2024-08-25', 'vacation', 'approved', 36),
    (37, '2024-06-18', '2024-07-01', 'vacation', 'approved', 2),
    (38, '2024-10-10', '2024-10-23', 'vacation', 'pending', NULL),
    (39, '2024-07-18', '2024-07-31', 'vacation', 'approved', 2),
    (40, '2024-08-18', '2024-08-31', 'vacation', 'approved', 22),
    (41, '2024-06-22', '2024-07-05', 'vacation', 'approved', 2),
    (42, '2024-10-15', '2024-10-28', 'vacation', 'pending', NULL),
    (43, '2024-07-22', '2024-08-04', 'vacation', 'approved', 1),
    (44, '2024-08-22', '2024-09-04', 'vacation', 'approved', 1),
    (45, '2024-06-28', '2024-07-11', 'vacation', 'approved', 1),
    (46, '2024-10-20', '2024-11-02', 'vacation', 'pending', NULL),
    (47, '2024-07-28', '2024-08-10', 'vacation', 'approved', 2),
    (48, '2024-08-28', '2024-09-10', 'vacation', 'approved', 32),
    (49, '2024-06-03', '2024-06-16', 'vacation', 'approved', 21),
    (50, '2024-10-25', '2024-11-07', 'vacation', 'pending', NULL),
    (6, '2024-05-15', '2024-05-17', 'sick', 'approved', 21),
    (7, '2024-04-20', '2024-04-22', 'sick', 'approved', 20),
    (8, '2024-03-10', '2024-03-12', 'sick', 'approved', 44),
    (17, '2024-05-20', '2024-05-22', 'sick', 'approved', 3),
    (29, '2024-04-25', '2024-04-27', 'sick', 'approved', 3),
    (41, '2024-03-15', '2024-03-17', 'sick', 'approved', 2);


-- Кандидаты (50 записей)
INSERT INTO candidates (full_name, birth_date, phone, email, position_applied, status, source, resume_text) VALUES
    ('Смирнов Сергей Сергеевич', '1993-05-20', '+7 (495) 111-22-33', 's.smirnov@example.com', 12, 'interviewed', 'hh.ru', 'Опыт разработки на Python 3 года'),
    ('Новикова Наталья Николаевна', '1991-08-15', '+7 (495) 222-33-44', 'n.novikova@example.com', 46, 'new', 'LinkedIn', 'Frontend разработчик, React, Vue.js'),
    ('Морозов Михаил Михайлович', '1989-12-10', '+7 (495) 333-44-55', 'm.morozov@example.com', 19, 'contacted', 'Рекомендация', 'Опыт в продажах B2B 5 лет'),
    ('Антонова Анна Андреевна', '1995-03-25', '+7 (495) 444-55-66', 'a.antonova@example.com', 13, 'new', 'hh.ru', 'Младший разработчик, JavaScript, HTML, CSS'),
    ('Борисенко Борис Борисович', '1990-07-18', '+7 (495) 555-66-77', 'b.borisenko@example.com', 11, 'interviewed', 'LinkedIn', 'Старший разработчик Java, Spring Boot'),
    ('Васильева Валерия Викторовна', '1992-11-22', '+7 (495) 666-77-88', 'v.vasileva@example.com', 17, 'contacted', 'hh.ru', 'Тестировщик, автоматизация тестирования'),
    ('Григорьева Галина Георгиевна', '1988-04-14', '+7 (495) 777-88-99', 'g.grigorieva@example.com', 27, 'new', 'Rabota.ru', 'Бухгалтер, опыт работы 5 лет'),
    ('Дмитриев Дмитрий Дмитриевич', '1994-09-30', '+7 (495) 888-99-00', 'd.dmitriev@example.com', 15, 'interviewed', 'LinkedIn', 'DevOps инженер, Docker, Kubernetes'),
    ('Егорова Екатерина Евгеньевна', '1991-02-12', '+7 (495) 999-00-11', 'e.egorova@example.com', 25, 'contacted', 'hh.ru', 'UI/UX дизайнер, Figma, Adobe XD'),
    ('Федоров Федор Федорович', '1989-06-28', '+7 (495) 000-11-22', 'f.fedorov@example.com', 16, 'new', 'Рекомендация', 'Системный администратор, Linux, Windows Server'),
    ('Жукова Жанна Жановна', '1993-10-05', '+7 (495) 111-33-55', 'zh.zhukova@example.com', 29, 'interviewed', 'hh.ru', 'HR-менеджер, опыт 4 года'),
    ('Зайцев Захар Захарович', '1990-01-19', '+7 (495) 222-44-66', 'z.zaytsev@example.com', 18, 'contacted', 'LinkedIn', 'Аналитик данных, SQL, Python'),
    ('Иванова Ирина Ивановна', '1995-05-23', '+7 (495) 333-55-77', 'i.ivanova@example.com', 22, 'new', 'hh.ru', 'Маркетолог, контекстная реклама'),
    ('Козлов Константин Константинович', '1988-09-17', '+7 (495) 444-66-88', 'k.kozlov@example.com', 36, 'interviewed', 'Rabota.ru', 'Менеджер проектов, Agile, Scrum'),
    ('Лебедева Лариса Львовна', '1992-12-11', '+7 (495) 555-77-99', 'l.lebedeva@example.com', 30, 'contacted', 'LinkedIn', 'Рекрутер, опыт в IT рекрутинге'),
    ('Михайлов Михаил Михайлович', '1991-03-08', '+7 (495) 666-88-00', 'm.mihailov@example.com', 47, 'new', 'hh.ru', 'Backend разработчик, Node.js, Express'),
    ('Николаева Наталья Николаевна', '1994-07-26', '+7 (495) 777-99-11', 'n.nikolaeva@example.com', 23, 'interviewed', 'LinkedIn', 'SMM-менеджер, опыт ведения соцсетей'),
    ('Орлов Олег Олегович', '1989-11-14', '+7 (495) 888-00-22', 'o.orlov@example.com', 33, 'contacted', 'Рекомендация', 'Юрист, корпоративное право'),
    ('Петрова Полина Павловна', '1993-02-20', '+7 (495) 999-11-33', 'p.petrova@example.com', 40, 'new', 'hh.ru', 'Специалист техподдержки, опыт 2 года'),
    ('Романов Роман Романович', '1990-06-04', '+7 (495) 000-22-44', 'r.romanov@example.com', 43, 'interviewed', 'LinkedIn', 'Data Scientist, ML, Python'),
    ('Соколова Светлана Сергеевна', '1995-10-18', '+7 (495) 111-44-66', 's.sokolova@example.com', 24, 'contacted', 'hh.ru', 'Контент-менеджер, копирайтинг'),
    ('Тарасов Тимур Тарасович', '1988-01-22', '+7 (495) 222-55-77', 't.tarasov@example.com', 14, 'new', 'Rabota.ru', 'Архитектор ПО, микросервисы'),
    ('Ульянова Ульяна Ульяновна', '1992-05-16', '+7 (495) 333-66-88', 'u.ulyanova@example.com', 28, 'interviewed', 'LinkedIn', 'Помощник бухгалтера, 1С'),
    ('Федорова Фаина Федоровна', '1991-09-09', '+7 (495) 444-77-99', 'f.fedorova@example.com', 49, 'contacted', 'hh.ru', 'Mobile разработчик, iOS, Swift'),
    ('Харитонов Харитон Харитонович', '1994-12-27', '+7 (495) 555-88-00', 'h.haritonov@example.com', 48, 'new', 'LinkedIn', 'Fullstack разработчик, MERN stack'),
    ('Цветкова Цецилия Цезаревна', '1989-04-13', '+7 (495) 666-99-11', 'c.cvetkova@example.com', 37, 'interviewed', 'Рекомендация', 'Scrum-мастер, сертификация PSM'),
    ('Чернов Чеслав Чеславович', '1993-08-07', '+7 (495) 777-00-22', 'ch.chernov@example.com', 38, 'contacted', 'hh.ru', 'Product Owner, опыт в продуктовых компаниях'),
    ('Шестаков Шамиль Шамильевич', '1990-11-21', '+7 (495) 888-11-33', 'sh.shestakov@example.com', 41, 'new', 'LinkedIn', 'Инженер по качеству, QA automation'),
    ('Щербакова Щедрина Щедровна', '1995-03-15', '+7 (495) 999-22-44', 'sch.scherbakova@example.com', 42, 'interviewed', 'hh.ru', 'Специалист по безопасности, CISSP'),
    ('Эльдаров Эдуард Эдуардович', '1988-07-29', '+7 (495) 000-33-55', 'e.eldarov@example.com', 44, 'contacted', 'Rabota.ru', 'Аналитик данных, BI, Tableau'),
    ('Юрьев Юрий Юрьевич', '1992-10-03', '+7 (495) 111-55-77', 'yu.yurev@example.com', 45, 'new', 'LinkedIn', 'ML Engineer, TensorFlow, PyTorch'),
    ('Яковлева Яна Яковлевна', '1991-02-17', '+7 (495) 222-66-88', 'ya.yakovleva@example.com', 50, 'interviewed', 'hh.ru', 'Team Lead, управление командой разработки'),
    ('Абрамов Анатолий Анатольевич', '1994-06-11', '+7 (495) 333-77-99', 'a.abramov2@example.com', 12, 'contacted', 'LinkedIn', 'Разработчик Python, Django'),
    ('Белова Белла Борисовна', '1989-09-25', '+7 (495) 444-88-00', 'b.belova2@example.com', 19, 'new', 'Рекомендация', 'Менеджер по продажам, B2C'),
    ('Васильев Василий Васильевич', '1993-01-19', '+7 (495) 555-99-11', 'v.vasiliev2@example.com', 46, 'interviewed', 'hh.ru', 'Frontend разработчик, Angular'),
    ('Гаврилова Галина Георгиевна', '1990-05-13', '+7 (495) 666-00-22', 'g.gavrilova2@example.com', 17, 'contacted', 'LinkedIn', 'Тестировщик, мануальное тестирование'),
    ('Денисов Денис Денисович', '1995-08-27', '+7 (495) 777-11-33', 'd.denisov2@example.com', 13, 'new', 'hh.ru', 'Младший разработчик, C#, .NET'),
    ('Егоров Егор Егорович', '1988-12-21', '+7 (495) 888-22-44', 'e.egorov@example.com', 11, 'interviewed', 'Rabota.ru', 'Старший разработчик PHP, Laravel'),
    ('Жданов Ждан Жданович', '1992-03-05', '+7 (495) 999-33-55', 'zh.zhdanov2@example.com', 15, 'contacted', 'LinkedIn', 'DevOps инженер, CI/CD, Jenkins'),
    ('Зиновьева Зинаида Захаровна', '1991-07-19', '+7 (495) 000-44-66', 'z.zinovieva2@example.com', 25, 'new', 'hh.ru', 'Дизайнер, графический дизайн'),
    ('Иванов Иван Иванович', '1994-10-23', '+7 (495) 111-66-88', 'i.ivanov2@example.com', 16, 'interviewed', 'LinkedIn', 'Системный администратор, VMware'),
    ('Калинина Карина Константиновна', '1989-02-07', '+7 (495) 222-77-99', 'k.kalinina2@example.com', 29, 'contacted', 'Рекомендация', 'HR-менеджер, подбор персонала'),
    ('Лазарев Лазарь Львович', '1993-06-21', '+7 (495) 333-88-00', 'l.lazarev2@example.com', 18, 'new', 'hh.ru', 'Аналитик, бизнес-анализ'),
    ('Макарова Маргарита Максимовна', '1990-09-15', '+7 (495) 444-99-11', 'm.makarova2@example.com', 22, 'interviewed', 'LinkedIn', 'Маркетолог, email-маркетинг'),
    ('Никитин Никита Николаевич', '1995-01-09', '+7 (495) 555-00-22', 'n.nikitin2@example.com', 36, 'contacted', 'hh.ru', 'Менеджер проектов, PMP'),
    ('Осипова Оксана Олеговна', '1988-04-23', '+7 (495) 666-11-33', 'o.osipova2@example.com', 30, 'new', 'Rabota.ru', 'Рекрутер, массовый подбор'),
    ('Павлов Павел Павлович', '1992-08-17', '+7 (495) 777-22-44', 'p.pavlov2@example.com', 47, 'interviewed', 'LinkedIn', 'Backend разработчик, Go'),
    ('Рыбакова Роза Романовна', '1991-11-11', '+7 (495) 888-33-55', 'r.rybakova2@example.com', 23, 'contacted', 'hh.ru', 'SMM-менеджер, Telegram, VK'),
    ('Соколов Семен Семенович', '1994-03-05', '+7 (495) 999-44-66', 's.sokolov2@example.com', 33, 'new', 'LinkedIn', 'Юрист, трудовое право'),
    ('Тарасова Тамара Тарасовна', '1989-06-19', '+7 (495) 000-55-77', 't.tarasova2@example.com', 40, 'interviewed', 'Рекомендация', 'Специалист техподдержки, английский язык'),
    ('Устинов Устин Устинович', '1993-10-13', '+7 (495) 111-77-99', 'u.ustinov2@example.com', 43, 'contacted', 'hh.ru', 'Data Scientist, статистика, R');


-- Собеседования (50 записей)
INSERT INTO interviews (candidate_id, employee_id, interview_date, feedback, rating, status) VALUES
    (1, 3, '2024-02-15 14:00:00', 'Хорошие технические навыки, коммуникабелен', 8, 'completed'),
    (1, 4, '2024-02-20 15:00:00', 'Отличное знание Python, рекомендую к найму', 9, 'completed'),
    (3, 6, '2024-03-01 11:00:00', 'Опытный продавец, хорошо презентует себя', 7, 'completed'),
    (5, 3, '2024-02-18 10:00:00', 'Сильные навыки в Java, хороший кандидат', 8, 'completed'),
    (5, 11, '2024-02-22 14:00:00', 'Отличное знание Spring Boot', 9, 'completed'),
    (8, 2, '2024-02-25 15:00:00', 'Хороший опыт в DevOps, знает Kubernetes', 8, 'completed'),
    (8, 15, '2024-02-28 11:00:00', 'Рекомендую к найму', 9, 'completed'),
    (11, 44, '2024-03-05 10:00:00', 'Опыт в HR, хорошие коммуникативные навыки', 7, 'completed'),
    (11, 8, '2024-03-08 14:00:00', 'Подходит для позиции', 8, 'completed'),
    (14, 37, '2024-03-10 11:00:00', 'Хороший опыт в управлении проектами', 8, 'completed'),
    (14, 3, '2024-03-12 15:00:00', 'Знает Agile методологии', 8, 'completed'),
    (17, 22, '2024-03-15 10:00:00', 'Опыт в маркетинге, креативный подход', 7, 'completed'),
    (17, 14, '2024-03-18 14:00:00', 'Хорошо знает SMM', 8, 'completed'),
    (20, 2, '2024-03-20 11:00:00', 'Сильные навыки в Data Science', 9, 'completed'),
    (20, 33, '2024-03-22 15:00:00', 'Отличное знание ML алгоритмов', 9, 'completed'),
    (26, 37, '2024-03-25 10:00:00', 'Опыт в Scrum, есть сертификация', 8, 'completed'),
    (26, 3, '2024-03-27 14:00:00', 'Рекомендую к найму', 8, 'completed'),
    (29, 47, '2024-03-30 11:00:00', 'Хорошие знания в области безопасности', 8, 'completed'),
    (29, 2, '2024-04-02 15:00:00', 'Подходит для позиции', 8, 'completed'),
    (32, 3, '2024-04-05 10:00:00', 'Хороший опыт в Python разработке', 7, 'completed'),
    (32, 4, '2024-04-08 14:00:00', 'Знает Django', 8, 'completed'),
    (35, 3, '2024-04-10 11:00:00', 'Опыт в Angular, хороший кандидат', 8, 'completed'),
    (35, 23, '2024-04-12 15:00:00', 'Рекомендую к найму', 8, 'completed'),
    (38, 2, '2024-04-15 10:00:00', 'Хороший опыт в PHP разработке', 7, 'completed'),
    (38, 11, '2024-04-18 14:00:00', 'Знает Laravel', 8, 'completed'),
    (41, 44, '2024-04-20 11:00:00', 'Опыт в HR, подходит для позиции', 7, 'completed'),
    (41, 25, '2024-04-22 15:00:00', 'Хорошие навыки подбора', 8, 'completed'),
    (44, 22, '2024-04-25 10:00:00', 'Опыт в маркетинге, знает email-маркетинг', 7, 'completed'),
    (44, 14, '2024-04-28 14:00:00', 'Подходит для позиции', 7, 'completed'),
    (47, 2, '2024-05-02 11:00:00', 'Хороший опыт в Go разработке', 8, 'completed'),
    (47, 24, '2024-05-05 15:00:00', 'Рекомендую к найму', 8, 'completed'),
    (2, 3, '2024-05-08 10:00:00', 'Опыт в React, хороший кандидат', 7, 'scheduled'),
    (4, 3, '2024-05-10 14:00:00', 'Младший разработчик, нужно обучение', 6, 'scheduled'),
    (6, 3, '2024-05-12 11:00:00', 'Опыт в тестировании', 7, 'scheduled'),
    (7, 20, '2024-05-15 10:00:00', 'Бухгалтер с опытом', 7, 'scheduled'),
    (9, 36, '2024-05-18 14:00:00', 'UI/UX дизайнер, хорошее портфолио', 8, 'scheduled'),
    (10, 15, '2024-05-20 11:00:00', 'Системный администратор', 7, 'scheduled'),
    (12, 32, '2024-05-22 10:00:00', 'Аналитик данных', 7, 'scheduled'),
    (13, 22, '2024-05-25 14:00:00', 'Маркетолог', 7, 'scheduled'),
    (15, 44, '2024-05-28 11:00:00', 'Рекрутер с опытом в IT', 8, 'scheduled'),
    (16, 2, '2024-05-30 10:00:00', 'Backend разработчик Node.js', 7, 'scheduled'),
    (18, 19, '2024-06-02 14:00:00', 'Юрист', 7, 'scheduled'),
    (19, 46, '2024-06-05 11:00:00', 'Специалист техподдержки', 6, 'scheduled'),
    (21, 22, '2024-06-08 10:00:00', 'Контент-менеджер', 7, 'scheduled'),
    (22, 2, '2024-06-10 14:00:00', 'Архитектор ПО', 8, 'scheduled'),
    (23, 20, '2024-06-12 11:00:00', 'Помощник бухгалтера', 6, 'scheduled'),
    (24, 3, '2024-06-15 10:00:00', 'Mobile разработчик iOS', 8, 'scheduled'),
    (25, 3, '2024-06-18 14:00:00', 'Fullstack разработчик', 8, 'scheduled'),
    (27, 3, '2024-06-20 11:00:00', 'Product Owner', 7, 'scheduled'),
    (28, 3, '2024-06-22 10:00:00', 'Инженер по качеству', 7, 'scheduled');

-- Периоды KPI (50 записей - по кварталам на несколько лет)
INSERT INTO kpi_periods (name, start_date, end_date, is_active) VALUES
    ('Q1 2023', '2023-01-01', '2023-03-31', false),
    ('Q2 2023', '2023-04-01', '2023-06-30', false),
    ('Q3 2023', '2023-07-01', '2023-09-30', false),
    ('Q4 2023', '2023-10-01', '2023-12-31', false),
    ('Q1 2024', '2024-01-01', '2024-03-31', false),
    ('Q2 2024', '2024-04-01', '2024-06-30', true),
    ('Q3 2024', '2024-07-01', '2024-09-30', false),
    ('Q4 2024', '2024-10-01', '2024-12-31', false),
    ('Q1 2025', '2025-01-01', '2025-03-31', false),
    ('Q2 2025', '2025-04-01', '2025-06-30', false),
    ('Январь 2023', '2023-01-01', '2023-01-31', false),
    ('Февраль 2023', '2023-02-01', '2023-02-28', false),
    ('Март 2023', '2023-03-01', '2023-03-31', false),
    ('Апрель 2023', '2023-04-01', '2023-04-30', false),
    ('Май 2023', '2023-05-01', '2023-05-31', false),
    ('Июнь 2023', '2023-06-01', '2023-06-30', false),
    ('Июль 2023', '2023-07-01', '2023-07-31', false),
    ('Август 2023', '2023-08-01', '2023-08-31', false),
    ('Сентябрь 2023', '2023-09-01', '2023-09-30', false),
    ('Октябрь 2023', '2023-10-01', '2023-10-31', false),
    ('Ноябрь 2023', '2023-11-01', '2023-11-30', false),
    ('Декабрь 2023', '2023-12-01', '2023-12-31', false),
    ('Январь 2024', '2024-01-01', '2024-01-31', false),
    ('Февраль 2024', '2024-02-01', '2024-02-29', false),
    ('Март 2024', '2024-03-01', '2024-03-31', false),
    ('Апрель 2024', '2024-04-01', '2024-04-30', false),
    ('Май 2024', '2024-05-01', '2024-05-31', false),
    ('Июнь 2024', '2024-06-01', '2024-06-30', true),
    ('Июль 2024', '2024-07-01', '2024-07-31', false),
    ('Август 2024', '2024-08-01', '2024-08-31', false),
    ('Сентябрь 2024', '2024-09-01', '2024-09-30', false),
    ('Октябрь 2024', '2024-10-01', '2024-10-31', false),
    ('Ноябрь 2024', '2024-11-01', '2024-11-30', false),
    ('Декабрь 2024', '2024-12-01', '2024-12-31', false),
    ('Полугодие 1 2023', '2023-01-01', '2023-06-30', false),
    ('Полугодие 2 2023', '2023-07-01', '2023-12-31', false),
    ('Полугодие 1 2024', '2024-01-01', '2024-06-30', false),
    ('Полугодие 2 2024', '2024-07-01', '2024-12-31', false),
    ('Год 2023', '2023-01-01', '2023-12-31', false),
    ('Год 2024', '2024-01-01', '2024-12-31', false),
    ('Год 2025', '2025-01-01', '2025-12-31', false),
    ('Q1 2026', '2026-01-01', '2026-03-31', false),
    ('Q2 2026', '2026-04-01', '2026-06-30', false),
    ('Q3 2026', '2026-07-01', '2026-09-30', false),
    ('Q4 2026', '2026-10-01', '2026-12-31', false),
    ('Полугодие 1 2025', '2025-01-01', '2025-06-30', false),
    ('Полугодие 2 2025', '2025-07-01', '2025-12-31', false),
    ('Полугодие 1 2026', '2026-01-01', '2026-06-30', false),
    ('Полугодие 2 2026', '2026-07-01', '2026-12-31', false),
    ('Год 2026', '2026-01-01', '2026-12-31', false);

-- Показатели KPI (50 записей)
INSERT INTO kpi_indicators (name, description, unit, target_value, weight) VALUES
    ('Выполнение плана продаж', 'Процент выполнения плана продаж', '%', 100, 40),
    ('Удовлетворенность клиентов', 'Средний балл удовлетворенности', 'балл', 4.5, 30),
    ('Количество закрытых задач', 'Количество выполненных задач в срок', 'шт', 20, 30),
    ('Качество кода', 'Процент кода без критических ошибок', '%', 95, 25),
    ('Время отклика на инциденты', 'Среднее время реакции на инциденты', 'мин', 15, 20),
    ('Доступность системы', 'Процент времени работы системы', '%', 99.9, 25),
    ('Количество новых клиентов', 'Привлечено новых клиентов', 'шт', 50, 30),
    ('Средний чек', 'Средняя сумма сделки', 'руб', 500000, 20),
    ('Конверсия лидов', 'Процент конверсии лидов в клиентов', '%', 25, 25),
    ('Выполнение бюджета проекта', 'Соблюдение бюджета проекта', '%', 100, 30),
    ('Соблюдение сроков проекта', 'Выполнение проекта в срок', '%', 100, 30),
    ('Качество документации', 'Полнота и актуальность документации', '%', 90, 20),
    ('Покрытие тестами', 'Процент покрытия кода тестами', '%', 80, 25),
    ('Количество багов в продакшене', 'Количество критических багов', 'шт', 0, 30),
    ('Время разработки фичи', 'Среднее время разработки функционала', 'дни', 10, 20),
    ('Производительность команды', 'Story points за спринт', 'SP', 50, 25),
    ('Удовлетворенность сотрудников', 'Индекс удовлетворенности eNPS', 'балл', 40, 20),
    ('Текучесть кадров', 'Процент уволившихся сотрудников', '%', 5, 25),
    ('Время закрытия вакансии', 'Среднее время подбора кандидата', 'дни', 30, 25),
    ('Качество найма', 'Процент прошедших испытательный срок', '%', 90, 30),
    ('Охват обучения', 'Процент сотрудников прошедших обучение', '%', 80, 20),
    ('Эффективность обучения', 'Средний балл после обучения', 'балл', 4.5, 25),
    ('Точность прогнозов', 'Точность финансовых прогнозов', '%', 95, 30),
    ('Рентабельность', 'Рентабельность продаж', '%', 25, 35),
    ('Оборачиваемость активов', 'Скорость оборота активов', 'раз', 4, 20),
    ('Ликвидность', 'Коэффициент текущей ликвидности', 'коэф', 2, 15),
    ('Рост выручки', 'Прирост выручки к предыдущему периоду', '%', 20, 40),
    ('Доля рынка', 'Доля на целевом рынке', '%', 15, 25),
    ('Узнаваемость бренда', 'Процент узнаваемости бренда', '%', 60, 20),
    ('Вовлеченность в соцсетях', 'Engagement rate в социальных сетях', '%', 5, 15),
    ('Трафик на сайт', 'Количество уникальных посетителей', 'тыс', 100, 20),
    ('Конверсия сайта', 'Процент конверсии посетителей', '%', 3, 25),
    ('Стоимость лида', 'Средняя стоимость привлечения лида', 'руб', 5000, 20),
    ('ROI маркетинга', 'Возврат инвестиций в маркетинг', '%', 300, 35),
    ('Время ответа поддержки', 'Среднее время первого ответа', 'мин', 5, 25),
    ('Решение с первого обращения', 'Процент решенных проблем с первого раза', '%', 80, 30),
    ('Удовлетворенность поддержкой', 'Оценка качества поддержки', 'балл', 4.7, 25),
    ('Количество обращений', 'Количество обращений в поддержку', 'шт', 500, 20),
    ('Скорость разработки', 'Velocity команды разработки', 'SP/спринт', 60, 25),
    ('Качество релизов', 'Процент успешных релизов', '%', 95, 30),
    ('Время до продакшена', 'Lead time от коммита до продакшена', 'часы', 24, 25),
    ('Частота деплоев', 'Количество деплоев в неделю', 'шт', 10, 20),
    ('Безопасность кода', 'Отсутствие уязвимостей', '%', 100, 30),
    ('Производительность приложения', 'Время отклика приложения', 'мс', 200, 25),
    ('Масштабируемость', 'Способность обработки нагрузки', 'RPS', 10000, 20),
    ('Надежность', 'MTBF - среднее время между сбоями', 'часы', 720, 25),
    ('Восстанавливаемость', 'MTTR - среднее время восстановления', 'мин', 30, 25),
    ('Эффективность процессов', 'Автоматизация рутинных задач', '%', 80, 20),
    ('Инновационность', 'Количество внедренных инноваций', 'шт', 5, 15),
    ('Соответствие стандартам', 'Соблюдение корпоративных стандартов', '%', 100, 20);


-- Результаты KPI (50 записей)
INSERT INTO employee_kpi_results (employee_id, period_id, indicator_id, actual_value, score) VALUES
    (6, 5, 1, 105, 42), (6, 5, 2, 4.7, 31), (6, 5, 7, 55, 33),
    (12, 5, 1, 98, 39.2), (12, 5, 2, 4.6, 30.7), (12, 5, 7, 48, 28.8),
    (21, 5, 1, 110, 44), (21, 5, 2, 4.8, 32), (21, 5, 7, 60, 36),
    (4, 5, 3, 22, 33), (4, 5, 4, 96, 24), (4, 5, 13, 85, 26.6),
    (5, 5, 3, 18, 27), (5, 5, 4, 94, 23.5), (5, 5, 13, 78, 24.4),
    (11, 5, 3, 25, 37.5), (11, 5, 4, 97, 24.3), (11, 5, 13, 88, 27.5),
    (15, 5, 5, 12, 24), (15, 5, 6, 99.95, 25), (15, 5, 14, 1, 30),
    (41, 5, 5, 14, 20), (41, 5, 6, 99.9, 25), (41, 5, 14, 2, 28),
    (47, 5, 5, 10, 26.7), (47, 5, 6, 99.98, 25), (47, 5, 43, 100, 30),
    (14, 5, 30, 5.5, 16.5), (14, 5, 31, 110, 22), (14, 5, 32, 3.2, 26.7),
    (22, 5, 30, 6.2, 18.6), (22, 5, 31, 125, 25), (22, 5, 32, 2.8, 23.3),
    (28, 5, 30, 4.8, 14.4), (28, 5, 31, 95, 19), (28, 5, 32, 3.5, 29.2),
    (8, 5, 17, 45, 22.5), (8, 5, 18, 4, 20), (8, 5, 19, 28, 23.3),
    (25, 5, 17, 42, 21), (25, 5, 18, 6, 15), (25, 5, 19, 32, 26.7),
    (44, 5, 17, 48, 24), (44, 5, 18, 3, 18.8), (44, 5, 19, 25, 20.8),
    (2, 5, 10, 98, 29.4), (2, 5, 11, 100, 30), (2, 5, 39, 65, 27.1);

-- Командировки (50 записей)
INSERT INTO business_trips (employee_id, destination, start_date, end_date, purpose, status, report) VALUES
    (2, 'Санкт-Петербург', '2024-04-10', '2024-04-12', 'Встреча с партнерами', 'planned', NULL),
    (6, 'Казань', '2024-05-15', '2024-05-17', 'Презентация продукта', 'planned', NULL),
    (3, 'Екатеринбург', '2024-02-20', '2024-02-22', 'Конференция по разработке', 'completed', 'Участие в конференции, установлены контакты с потенциальными партнерами'),
    (1, 'Новосибирск', '2023-11-15', '2023-11-17', 'Встреча с клиентами', 'completed', 'Проведены переговоры, подписан контракт на 5 млн руб'),
    (21, 'Ростов-на-Дону', '2024-03-10', '2024-03-12', 'Открытие филиала', 'completed', 'Филиал открыт, набран персонал'),
    (12, 'Краснодар', '2024-04-20', '2024-04-22', 'Переговоры с клиентами', 'planned', NULL),
    (6, 'Самара', '2024-06-10', '2024-06-12', 'Презентация нового продукта', 'planned', NULL),
    (2, 'Уфа', '2023-12-05', '2023-12-07', 'Техническая консультация', 'completed', 'Проведена консультация по внедрению системы'),
    (13, 'Воронеж', '2024-01-15', '2024-01-17', 'Обучение персонала клиента', 'completed', 'Обучено 15 сотрудников клиента'),
    (3, 'Пермь', '2024-05-20', '2024-05-22', 'Участие в выставке', 'planned', NULL),
    (15, 'Волгоград', '2024-02-25', '2024-02-27', 'Аудит инфраструктуры', 'completed', 'Проведен аудит, составлен план модернизации'),
    (4, 'Красноярск', '2024-06-15', '2024-06-18', 'Внедрение системы', 'planned', NULL),
    (22, 'Саратов', '2024-03-20', '2024-03-22', 'Маркетинговое исследование', 'completed', 'Проведено исследование рынка, выявлены перспективные сегменты'),
    (11, 'Тюмень', '2024-04-25', '2024-04-27', 'Код-ревью проекта', 'planned', NULL),
    (19, 'Барнаул', '2023-10-10', '2023-10-12', 'Юридическая консультация', 'completed', 'Проведена консультация по договорам'),
    (37, 'Иркутск', '2024-05-25', '2024-05-28', 'Управление проектом', 'planned', NULL),
    (33, 'Хабаровск', '2024-01-20', '2024-01-23', 'Внедрение аналитики', 'completed', 'Настроена система аналитики, обучен персонал'),
    (26, 'Владивосток', '2024-06-20', '2024-06-24', 'Разработка интеграции', 'planned', NULL),
    (14, 'Омск', '2024-02-15', '2024-02-17', 'SMM стратегия', 'completed', 'Разработана стратегия продвижения в соцсетях'),
    (8, 'Томск', '2024-04-30', '2024-05-02', 'HR консультация', 'planned', NULL),
    (20, 'Кемерово', '2023-11-20', '2023-11-22', 'Финансовый аудит', 'completed', 'Проведен аудит, выявлены области оптимизации'),
    (7, 'Ярославль', '2024-05-30', '2024-06-01', 'Бухгалтерская проверка', 'planned', NULL),
    (35, 'Тула', '2024-03-25', '2024-03-27', 'Переговоры с поставщиками', 'completed', 'Заключены договоры с новыми поставщиками'),
    (49, 'Рязань', '2024-06-25', '2024-06-27', 'Продажа решения', 'planned', NULL),
    (16, 'Пенза', '2024-01-25', '2024-01-27', 'Дизайн-презентация', 'completed', 'Представлен дизайн нового продукта'),
    (40, 'Липецк', '2024-05-05', '2024-05-07', 'Контент-стратегия', 'planned', NULL),
    (32, 'Киров', '2024-02-28', '2024-03-02', 'Аналитический отчет', 'completed', 'Подготовлен отчет по рынку региона'),
    (18, 'Чебоксары', '2024-06-30', '2024-07-02', 'Анализ данных', 'planned', NULL),
    (47, 'Калининград', '2024-03-30', '2024-04-02', 'Аудит безопасности', 'completed', 'Проведен аудит ИБ, устранены уязвимости'),
    (31, 'Сочи', '2024-07-05', '2024-07-08', 'Конференция разработчиков', 'planned', NULL),
    (23, 'Нижний Новгород', '2023-12-10', '2023-12-12', 'Frontend разработка', 'completed', 'Разработан интерфейс для клиента'),
    (24, 'Челябинск', '2024-07-10', '2024-07-13', 'Backend интеграция', 'planned', NULL),
    (27, 'Ульяновск', '2024-04-05', '2024-04-07', 'Fullstack консультация', 'completed', 'Проведена консультация по архитектуре'),
    (34, 'Астрахань', '2024-07-15', '2024-07-17', 'ML модель', 'planned', NULL),
    (38, 'Магнитогорск', '2024-01-30', '2024-02-01', 'Scrum обучение', 'completed', 'Обучена команда методологии Scrum'),
    (39, 'Курск', '2024-07-20', '2024-07-22', 'Техническая документация', 'planned', NULL),
    (41, 'Тверь', '2024-02-05', '2024-02-07', 'Системное администрирование', 'completed', 'Настроены серверы клиента'),
    (42, 'Брянск', '2024-07-25', '2024-07-27', 'Бухгалтерия 1С', 'planned', NULL),
    (43, 'Иваново', '2023-11-25', '2023-11-27', 'Финансовое планирование', 'completed', 'Разработан финансовый план на год'),
    (44, 'Смоленск', '2024-07-30', '2024-08-01', 'HR стратегия', 'planned', NULL),
    (45, 'Орел', '2024-03-05', '2024-03-07', 'Развитие бизнеса', 'completed', 'Определены направления развития'),
    (46, 'Белгород', '2024-08-05', '2024-08-07', 'Техподдержка', 'planned', NULL),
    (48, 'Владимир', '2024-04-10', '2024-04-12', 'Аналитика процессов', 'completed', 'Проанализированы бизнес-процессы'),
    (50, 'Калуга', '2024-08-10', '2024-08-12', 'Закупки оборудования', 'planned', NULL),
    (10, 'Мурманск', '2024-02-10', '2024-02-13', 'Разработка модуля', 'completed', 'Разработан новый модуль системы'),
    (17, 'Архангельск', '2024-08-15', '2024-08-18', 'Тестирование системы', 'planned', NULL),
    (29, 'Вологда', '2024-03-15', '2024-03-17', 'Младший разработчик', 'completed', 'Помощь в разработке проекта'),
    (30, 'Псков', '2024-08-20', '2024-08-22', 'Техподдержка клиента', 'planned', NULL),
    (36, 'Великий Новгород', '2024-04-15', '2024-04-17', 'Дизайн системы', 'completed', 'Разработан дизайн интерфейса'),
    (9, 'Сыктывкар', '2024-08-25', '2024-08-27', 'Разработка фичи', 'planned', NULL);

-- Документы (50 записей)
INSERT INTO documents (file_name, file_path, mime_type, document_type) VALUES
    ('passport_alexandrov.pdf', '/docs/passports/alexandrov.pdf', 'application/pdf', 'passport'),
    ('diploma_borisov.pdf', '/docs/diplomas/borisov.pdf', 'application/pdf', 'diploma'),
    ('contract_viktorova.pdf', '/docs/contracts/viktorova.pdf', 'application/pdf', 'contract'),
    ('passport_grigoriev.pdf', '/docs/passports/grigoriev.pdf', 'application/pdf', 'passport'),
    ('diploma_dmitrieva.pdf', '/docs/diplomas/dmitrieva.pdf', 'application/pdf', 'diploma'),
    ('contract_evgenev.pdf', '/docs/contracts/evgenev.pdf', 'application/pdf', 'contract'),
    ('passport_zhukova.pdf', '/docs/passports/zhukova.pdf', 'application/pdf', 'passport'),
    ('diploma_zaytsev.pdf', '/docs/diplomas/zaytsev.pdf', 'application/pdf', 'diploma'),
    ('contract_ilina.pdf', '/docs/contracts/ilina.pdf', 'application/pdf', 'contract'),
    ('passport_kozlov.pdf', '/docs/passports/kozlov.pdf', 'application/pdf', 'passport'),
    ('diploma_lebedev.pdf', '/docs/diplomas/lebedev.pdf', 'application/pdf', 'diploma'),
    ('contract_morozova.pdf', '/docs/contracts/morozova.pdf', 'application/pdf', 'contract'),
    ('passport_novikov.pdf', '/docs/passports/novikov.pdf', 'application/pdf', 'passport'),
    ('diploma_orlova.pdf', '/docs/diplomas/orlova.pdf', 'application/pdf', 'diploma'),
    ('contract_petrov.pdf', '/docs/contracts/petrov.pdf', 'application/pdf', 'contract'),
    ('passport_romanova.pdf', '/docs/passports/romanova.pdf', 'application/pdf', 'passport'),
    ('diploma_smirnov.pdf', '/docs/diplomas/smirnov.pdf', 'application/pdf', 'diploma'),
    ('contract_tikhonova.pdf', '/docs/contracts/tikhonova.pdf', 'application/pdf', 'contract'),
    ('passport_ulyanov.pdf', '/docs/passports/ulyanov.pdf', 'application/pdf', 'passport'),
    ('diploma_fedorova.pdf', '/docs/diplomas/fedorova.pdf', 'application/pdf', 'diploma'),
    ('contract_haritonov.pdf', '/docs/contracts/haritonov.pdf', 'application/pdf', 'contract'),
    ('passport_cvetkova.pdf', '/docs/passports/cvetkova.pdf', 'application/pdf', 'passport'),
    ('diploma_chernov.pdf', '/docs/diplomas/chernov.pdf', 'application/pdf', 'diploma'),
    ('contract_shestakov.pdf', '/docs/contracts/shestakov.pdf', 'application/pdf', 'contract'),
    ('passport_scherbakova.pdf', '/docs/passports/scherbakova.pdf', 'application/pdf', 'passport'),
    ('diploma_eldarov.pdf', '/docs/diplomas/eldarov.pdf', 'application/pdf', 'diploma'),
    ('contract_yurev.pdf', '/docs/contracts/yurev.pdf', 'application/pdf', 'contract'),
    ('passport_yakovleva.pdf', '/docs/passports/yakovleva.pdf', 'application/pdf', 'passport'),
    ('diploma_abramov.pdf', '/docs/diplomas/abramov.pdf', 'application/pdf', 'diploma'),
    ('contract_belova.pdf', '/docs/contracts/belova.pdf', 'application/pdf', 'contract'),
    ('passport_vasiliev.pdf', '/docs/passports/vasiliev.pdf', 'application/pdf', 'passport'),
    ('diploma_gavrilova.pdf', '/docs/diplomas/gavrilova.pdf', 'application/pdf', 'diploma'),
    ('contract_denisov.pdf', '/docs/contracts/denisov.pdf', 'application/pdf', 'contract'),
    ('passport_egorova.pdf', '/docs/passports/egorova.pdf', 'application/pdf', 'passport'),
    ('diploma_zhdanov.pdf', '/docs/diplomas/zhdanov.pdf', 'application/pdf', 'diploma'),
    ('contract_zinovieva.pdf', '/docs/contracts/zinovieva.pdf', 'application/pdf', 'contract'),
    ('passport_ivanov.pdf', '/docs/passports/ivanov.pdf', 'application/pdf', 'passport'),
    ('diploma_kalinina.pdf', '/docs/diplomas/kalinina.pdf', 'application/pdf', 'diploma'),
    ('contract_lazarev.pdf', '/docs/contracts/lazarev.pdf', 'application/pdf', 'contract'),
    ('passport_makarova.pdf', '/docs/passports/makarova.pdf', 'application/pdf', 'passport'),
    ('diploma_nikitin.pdf', '/docs/diplomas/nikitin.pdf', 'application/pdf', 'diploma'),
    ('contract_osipova.pdf', '/docs/contracts/osipova.pdf', 'application/pdf', 'contract'),
    ('passport_pavlov.pdf', '/docs/passports/pavlov.pdf', 'application/pdf', 'passport'),
    ('diploma_rybakova.pdf', '/docs/diplomas/rybakova.pdf', 'application/pdf', 'diploma'),
    ('contract_sokolov.pdf', '/docs/contracts/sokolov.pdf', 'application/pdf', 'contract'),
    ('passport_tarasova.pdf', '/docs/passports/tarasova.pdf', 'application/pdf', 'passport'),
    ('diploma_ustinov.pdf', '/docs/diplomas/ustinov.pdf', 'application/pdf', 'diploma'),
    ('contract_frolova.pdf', '/docs/contracts/frolova.pdf', 'application/pdf', 'contract'),
    ('passport_hohlov.pdf', '/docs/passports/hohlov.pdf', 'application/pdf', 'passport'),
    ('diploma_carev.pdf', '/docs/diplomas/carev.pdf', 'application/pdf', 'diploma');

-- Связь документов с сотрудниками (50 записей)
INSERT INTO employee_documents (employee_id, document_id) VALUES
    (1, 1), (2, 2), (3, 3), (4, 4), (5, 5), (6, 6), (7, 7), (8, 8), (9, 9), (10, 10),
    (11, 11), (12, 12), (13, 13), (14, 14), (15, 15), (16, 16), (17, 17), (18, 18), (19, 19), (20, 20),
    (21, 21), (22, 22), (23, 23), (24, 24), (25, 25), (26, 26), (27, 27), (28, 28), (29, 29), (30, 30),
    (31, 31), (32, 32), (33, 33), (34, 34), (35, 35), (36, 36), (37, 37), (38, 38), (39, 39), (40, 40),
    (41, 41), (42, 42), (43, 43), (44, 44), (45, 45), (46, 46), (47, 47), (48, 48), (49, 49), (50, 50);

-- Расчетные листы (50 записей)
INSERT INTO payroll (employee_id, period_start, period_end, base_salary, bonus, deductions, payment_date) VALUES
    (1, '2024-02-01', '2024-02-29', 450000, 50000, 65000, '2024-03-05'),
    (2, '2024-02-01', '2024-02-29', 350000, 30000, 49400, '2024-03-05'),
    (3, '2024-02-01', '2024-02-29', 280000, 20000, 39000, '2024-03-05'),
    (4, '2024-02-01', '2024-02-29', 200000, 15000, 27950, '2024-03-05'),
    (5, '2024-02-01', '2024-02-29', 120000, 10000, 16900, '2024-03-05'),
    (6, '2024-02-01', '2024-02-29', 100000, 25000, 16250, '2024-03-05'),
    (7, '2024-02-01', '2024-02-29', 90000, 5000, 12350, '2024-03-05'),
    (8, '2024-02-01', '2024-02-29', 85000, 5000, 11700, '2024-03-05'),
    (9, '2024-02-01', '2024-02-29', 110000, 8000, 15340, '2024-03-05'),
    (10, '2024-02-01', '2024-02-29', 115000, 10000, 16250, '2024-03-05'),
    (11, '2024-02-01', '2024-02-29', 180000, 15000, 25350, '2024-03-05'),
    (12, '2024-02-01', '2024-02-29', 140000, 12000, 19760, '2024-03-05'),
    (13, '2024-02-01', '2024-02-29', 250000, 20000, 35100, '2024-03-05'),
    (14, '2024-02-01', '2024-02-29', 75000, 5000, 10400, '2024-03-05'),
    (15, '2024-02-01', '2024-02-29', 160000, 12000, 22360, '2024-03-05'),
    (16, '2024-02-01', '2024-02-29', 95000, 8000, 13390, '2024-03-05'),
    (17, '2024-02-01', '2024-02-29', 85000, 6000, 11830, '2024-03-05'),
    (18, '2024-02-01', '2024-02-29', 105000, 9000, 14820, '2024-03-05'),
    (19, '2024-02-01', '2024-02-29', 130000, 10000, 18200, '2024-03-05'),
    (20, '2024-02-01', '2024-02-29', 220000, 18000, 30940, '2024-03-05'),
    (21, '2024-02-01', '2024-02-29', 240000, 20000, 33800, '2024-03-05'),
    (22, '2024-02-01', '2024-02-29', 210000, 17000, 29510, '2024-03-05'),
    (23, '2024-02-01', '2024-02-29', 125000, 10000, 17550, '2024-03-05'),
    (24, '2024-02-01', '2024-02-29', 135000, 11000, 18980, '2024-03-05'),
    (25, '2024-02-01', '2024-02-29', 70000, 5000, 9750, '2024-03-05'),
    (26, '2024-02-01', '2024-02-29', 145000, 12000, 20410, '2024-03-05'),
    (27, '2024-02-01', '2024-02-29', 155000, 13000, 21840, '2024-03-05'),
    (28, '2024-02-01', '2024-02-29', 65000, 4000, 8970, '2024-03-05'),
    (29, '2024-02-01', '2024-02-29', 75000, 5000, 10400, '2024-03-05'),
    (30, '2024-02-01', '2024-02-29', 55000, 3000, 7540, '2024-03-05'),
    (31, '2024-02-01', '2024-02-29', 190000, 15000, 26650, '2024-03-05'),
    (32, '2024-02-01', '2024-02-29', 115000, 9000, 16120, '2024-03-05'),
    (33, '2024-02-01', '2024-02-29', 230000, 19000, 32370, '2024-03-05'),
    (34, '2024-02-01', '2024-02-29', 165000, 13000, 23140, '2024-03-05'),
    (35, '2024-02-01', '2024-02-29', 95000, 7000, 13260, '2024-03-05'),
    (36, '2024-02-01', '2024-02-29', 110000, 9000, 15470, '2024-03-05'),
    (37, '2024-02-01', '2024-02-29', 125000, 10000, 17550, '2024-03-05'),
    (38, '2024-02-01', '2024-02-29', 140000, 11000, 19630, '2024-03-05'),
    (39, '2024-02-01', '2024-02-29', 90000, 7000, 12610, '2024-03-05'),
    (40, '2024-02-01', '2024-02-29', 68000, 5000, 9490, '2024-03-05'),
    (41, '2024-02-01', '2024-02-29', 105000, 8000, 14690, '2024-03-05'),
    (42, '2024-02-01', '2024-02-29', 60000, 4000, 8320, '2024-03-05'),
    (43, '2024-02-01', '2024-02-29', 310000, 25000, 43550, '2024-03-05'),
    (44, '2024-02-01', '2024-02-29', 200000, 16000, 28080, '2024-03-05'),
    (45, '2024-02-01', '2024-02-29', 280000, 22000, 39260, '2024-03-05'),
    (46, '2024-02-01', '2024-02-29', 58000, 4000, 8060, '2024-03-05'),
    (47, '2024-02-01', '2024-02-29', 150000, 12000, 21060, '2024-03-05'),
    (48, '2024-02-01', '2024-02-29', 82000, 6000, 11440, '2024-03-05'),
    (49, '2024-02-01', '2024-02-29', 88000, 7000, 12350, '2024-03-05'),
    (50, '2024-02-01', '2024-02-29', 72000, 5000, 10010, '2024-03-05');
